"Common_name","State","Source","Year","set_tows","total_lengths","total_ages","total_otoliths"
"California scorpionfish","CA","NWFSC HKL",2005,1,1,0,0
"California scorpionfish","CA","NWFSC HKL",2006,2,1,0,1
"California scorpionfish","CA","NWFSC HKL",2007,1,1,0,0
"California scorpionfish","CA","NWFSC HKL",2010,1,1,0,0
"California scorpionfish","CA","NWFSC HKL",2014,2,2,0,0
"California scorpionfish","CA","NWFSC HKL",2015,5,7,0,0
"California scorpionfish","CA","NWFSC HKL",2017,2,3,0,0
"California scorpionfish","CA","NWFSC HKL",2018,2,4,0,3
"California scorpionfish","CA","NWFSC HKL",2021,3,4,0,2
"California scorpionfish","CA","NWFSC HKL",2022,5,8,0,8
"California scorpionfish","CA","NWFSC HKL",2023,3,8,0,8
"California scorpionfish","CA","NWFSC HKL",2024,1,1,0,1
"California scorpionfish","CA","NWFSC WCGBTS",2003,7,74,0,0
"California scorpionfish","CA","NWFSC WCGBTS",2004,12,156,0,0
"California scorpionfish","CA","NWFSC WCGBTS",2005,10,226,103,0
"California scorpionfish","CA","NWFSC WCGBTS",2006,11,47,45,1
"California scorpionfish","CA","NWFSC WCGBTS",2007,12,191,68,0
"California scorpionfish","CA","NWFSC WCGBTS",2008,12,50,49,1
"California scorpionfish","CA","NWFSC WCGBTS",2009,11,347,130,0
"California scorpionfish","CA","NWFSC WCGBTS",2010,10,58,42,0
"California scorpionfish","CA","NWFSC WCGBTS",2011,16,239,116,1
"California scorpionfish","CA","NWFSC WCGBTS",2012,9,94,66,0
"California scorpionfish","CA","NWFSC WCGBTS",2013,7,259,67,0
"California scorpionfish","CA","NWFSC WCGBTS",2014,6,93,73,0
"California scorpionfish","CA","NWFSC WCGBTS",2015,14,163,57,1
"California scorpionfish","CA","NWFSC WCGBTS",2016,12,139,95,2
"California scorpionfish","CA","NWFSC WCGBTS",2017,13,309,0,140
"California scorpionfish","CA","NWFSC WCGBTS",2018,23,289,0,128
"California scorpionfish","CA","NWFSC WCGBTS",2019,13,215,0,88
"California scorpionfish","CA","NWFSC WCGBTS",2021,24,335,0,211
"California scorpionfish","CA","NWFSC WCGBTS",2022,17,465,0,201
"California scorpionfish","CA","NWFSC WCGBTS",2023,15,243,0,165
"California scorpionfish","CA","NWFSC WCGBTS",2024,11,211,0,105
"Dover sole","CA","NWFSC WCGBTS",2003,202,8844,422,894
"Dover sole","CA","NWFSC WCGBTS",2004,197,7661,529,648
"Dover sole","CA","NWFSC WCGBTS",2005,280,7670,482,741
"Dover sole","CA","NWFSC WCGBTS",2006,273,6232,472,501
"Dover sole","CA","NWFSC WCGBTS",2007,280,5040,463,551
"Dover sole","CA","NWFSC WCGBTS",2008,293,2866,470,89
"Dover sole","CA","NWFSC WCGBTS",2009,270,1464,511,13
"Dover sole","CA","NWFSC WCGBTS",2010,314,1460,523,83
"Dover sole","CA","NWFSC WCGBTS",2011,289,3760,536,4
"Dover sole","CA","NWFSC WCGBTS",2012,291,4215,562,1
"Dover sole","CA","NWFSC WCGBTS",2013,214,3686,416,8
"Dover sole","CA","NWFSC WCGBTS",2014,295,4925,571,4
"Dover sole","CA","NWFSC WCGBTS",2015,308,5012,582,8
"Dover sole","CA","NWFSC WCGBTS",2016,301,4874,582,2
"Dover sole","CA","NWFSC WCGBTS",2017,301,3062,584,6
"Dover sole","CA","NWFSC WCGBTS",2018,318,3034,620,3
"Dover sole","CA","NWFSC WCGBTS",2019,148,1546,256,32
"Dover sole","CA","NWFSC WCGBTS",2021,310,2913,57,545
"Dover sole","CA","NWFSC WCGBTS",2022,299,2706,51,524
"Dover sole","CA","NWFSC WCGBTS",2023,292,2528,11,550
"Dover sole","CA","NWFSC WCGBTS",2024,294,2629,0,568
"Dover sole","OR","NWFSC WCGBTS",2003,138,8239,298,680
"Dover sole","OR","NWFSC WCGBTS",2004,143,6883,346,580
"Dover sole","OR","NWFSC WCGBTS",2005,188,6994,358,543
"Dover sole","OR","NWFSC WCGBTS",2006,190,5428,371,379
"Dover sole","OR","NWFSC WCGBTS",2007,205,4237,355,412
"Dover sole","OR","NWFSC WCGBTS",2008,176,2380,326,24
"Dover sole","OR","NWFSC WCGBTS",2009,188,1518,362,6
"Dover sole","OR","NWFSC WCGBTS",2010,185,1031,309,54
"Dover sole","OR","NWFSC WCGBTS",2011,183,2991,348,4
"Dover sole","OR","NWFSC WCGBTS",2012,182,3104,363,3
"Dover sole","OR","NWFSC WCGBTS",2013,136,2408,273,0
"Dover sole","OR","NWFSC WCGBTS",2014,188,3331,365,1
"Dover sole","OR","NWFSC WCGBTS",2015,176,3439,344,1
"Dover sole","OR","NWFSC WCGBTS",2016,207,3968,398,3
"Dover sole","OR","NWFSC WCGBTS",2017,206,2334,408,5
"Dover sole","OR","NWFSC WCGBTS",2018,189,2121,375,1
"Dover sole","OR","NWFSC WCGBTS",2019,97,976,162,26
"Dover sole","OR","NWFSC WCGBTS",2021,192,1986,27,349
"Dover sole","OR","NWFSC WCGBTS",2022,200,2082,48,339
"Dover sole","OR","NWFSC WCGBTS",2023,171,1700,0,347
"Dover sole","OR","NWFSC WCGBTS",2024,203,2013,0,398
"Dover sole","WA","NWFSC WCGBTS",2003,99,5806,236,446
"Dover sole","WA","NWFSC WCGBTS",2004,62,2855,77,316
"Dover sole","WA","NWFSC WCGBTS",2005,81,3031,151,234
"Dover sole","WA","NWFSC WCGBTS",2006,63,1821,123,127
"Dover sole","WA","NWFSC WCGBTS",2007,92,1988,166,194
"Dover sole","WA","NWFSC WCGBTS",2008,85,999,154,11
"Dover sole","WA","NWFSC WCGBTS",2009,84,596,163,1
"Dover sole","WA","NWFSC WCGBTS",2010,100,745,162,39
"Dover sole","WA","NWFSC WCGBTS",2011,98,1672,191,2
"Dover sole","WA","NWFSC WCGBTS",2012,84,1429,159,2
"Dover sole","WA","NWFSC WCGBTS",2013,62,1223,118,1
"Dover sole","WA","NWFSC WCGBTS",2014,89,1871,178,2
"Dover sole","WA","NWFSC WCGBTS",2015,81,1595,159,0
"Dover sole","WA","NWFSC WCGBTS",2016,72,1318,140,1
"Dover sole","WA","NWFSC WCGBTS",2017,78,813,148,3
"Dover sole","WA","NWFSC WCGBTS",2018,85,879,166,1
"Dover sole","WA","NWFSC WCGBTS",2019,45,511,68,21
"Dover sole","WA","NWFSC WCGBTS",2021,76,738,12,132
"Dover sole","WA","NWFSC WCGBTS",2022,52,514,10,89
"Dover sole","WA","NWFSC WCGBTS",2023,99,961,0,194
"Dover sole","WA","NWFSC WCGBTS",2024,85,823,0,166
"English sole","CA","NWFSC WCGBTS",2003,121,4481,110,943
"English sole","CA","NWFSC WCGBTS",2004,103,3923,181,276
"English sole","CA","NWFSC WCGBTS",2005,142,3950,187,449
"English sole","CA","NWFSC WCGBTS",2006,110,2392,0,477
"English sole","CA","NWFSC WCGBTS",2007,112,1711,0,441
"English sole","CA","NWFSC WCGBTS",2008,120,1769,0,437
"English sole","CA","NWFSC WCGBTS",2009,145,1903,0,544
"English sole","CA","NWFSC WCGBTS",2010,137,1028,0,515
"English sole","CA","NWFSC WCGBTS",2011,147,2249,0,518
"English sole","CA","NWFSC WCGBTS",2012,163,2816,0,614
"English sole","CA","NWFSC WCGBTS",2013,104,1866,0,394
"English sole","CA","NWFSC WCGBTS",2014,152,2781,0,573
"English sole","CA","NWFSC WCGBTS",2015,163,2756,0,595
"English sole","CA","NWFSC WCGBTS",2016,152,2531,0,304
"English sole","CA","NWFSC WCGBTS",2017,161,1723,0,310
"English sole","CA","NWFSC WCGBTS",2018,138,1409,0,268
"English sole","CA","NWFSC WCGBTS",2019,67,620,0,126
"English sole","CA","NWFSC WCGBTS",2021,156,1437,0,311
"English sole","CA","NWFSC WCGBTS",2022,134,1147,0,254
"English sole","CA","NWFSC WCGBTS",2023,132,1143,0,245
"English sole","CA","NWFSC WCGBTS",2024,121,1056,0,230
"English sole","OR","NWFSC WCGBTS",2003,47,2110,35,348
"English sole","OR","NWFSC WCGBTS",2004,64,3031,114,177
"English sole","OR","NWFSC WCGBTS",2005,103,3527,130,307
"English sole","OR","NWFSC WCGBTS",2006,82,2420,0,353
"English sole","OR","NWFSC WCGBTS",2007,80,1697,0,325
"English sole","OR","NWFSC WCGBTS",2008,81,1349,0,289
"English sole","OR","NWFSC WCGBTS",2009,66,1135,0,249
"English sole","OR","NWFSC WCGBTS",2010,91,940,0,330
"English sole","OR","NWFSC WCGBTS",2011,95,1428,0,347
"English sole","OR","NWFSC WCGBTS",2012,93,1313,0,322
"English sole","OR","NWFSC WCGBTS",2013,65,1133,0,226
"English sole","OR","NWFSC WCGBTS",2014,102,1534,0,354
"English sole","OR","NWFSC WCGBTS",2015,85,1478,0,294
"English sole","OR","NWFSC WCGBTS",2016,111,1977,0,223
"English sole","OR","NWFSC WCGBTS",2017,111,1292,0,212
"English sole","OR","NWFSC WCGBTS",2018,88,931,0,174
"English sole","OR","NWFSC WCGBTS",2019,44,421,0,85
"English sole","OR","NWFSC WCGBTS",2021,92,804,0,177
"English sole","OR","NWFSC WCGBTS",2022,109,998,0,207
"English sole","OR","NWFSC WCGBTS",2023,93,800,0,177
"English sole","OR","NWFSC WCGBTS",2024,88,778,0,171
"English sole","WA","NWFSC WCGBTS",2003,52,1525,36,289
"English sole","WA","NWFSC WCGBTS",2004,43,1238,64,108
"English sole","WA","NWFSC WCGBTS",2005,43,895,41,121
"English sole","WA","NWFSC WCGBTS",2006,35,474,0,140
"English sole","WA","NWFSC WCGBTS",2007,47,537,0,160
"English sole","WA","NWFSC WCGBTS",2008,35,383,0,113
"English sole","WA","NWFSC WCGBTS",2009,30,316,0,96
"English sole","WA","NWFSC WCGBTS",2010,57,499,0,199
"English sole","WA","NWFSC WCGBTS",2011,57,777,0,197
"English sole","WA","NWFSC WCGBTS",2012,41,468,0,134
"English sole","WA","NWFSC WCGBTS",2013,34,526,0,124
"English sole","WA","NWFSC WCGBTS",2014,56,907,0,207
"English sole","WA","NWFSC WCGBTS",2015,57,871,0,202
"English sole","WA","NWFSC WCGBTS",2016,47,715,0,95
"English sole","WA","NWFSC WCGBTS",2017,48,519,0,99
"English sole","WA","NWFSC WCGBTS",2018,61,586,0,120
"English sole","WA","NWFSC WCGBTS",2019,37,372,0,71
"English sole","WA","NWFSC WCGBTS",2021,48,421,0,91
"English sole","WA","NWFSC WCGBTS",2022,33,313,0,64
"English sole","WA","NWFSC WCGBTS",2023,65,637,0,130
"English sole","WA","NWFSC WCGBTS",2024,63,541,0,122
"Pacific cod","CA","NWFSC WCGBTS",2003,5,13,0,0
"Pacific cod","CA","NWFSC WCGBTS",2009,1,1,0,0
"Pacific cod","OR","NWFSC WCGBTS",2003,15,88,0,0
"Pacific cod","OR","NWFSC WCGBTS",2004,15,75,0,0
"Pacific cod","OR","NWFSC WCGBTS",2005,5,29,0,0
"Pacific cod","OR","NWFSC WCGBTS",2006,2,20,0,0
"Pacific cod","OR","NWFSC WCGBTS",2007,3,5,0,0
"Pacific cod","OR","NWFSC WCGBTS",2008,5,11,0,0
"Pacific cod","OR","NWFSC WCGBTS",2009,4,5,0,0
"Pacific cod","OR","NWFSC WCGBTS",2010,11,59,0,57
"Pacific cod","OR","NWFSC WCGBTS",2011,3,6,0,6
"Pacific cod","OR","NWFSC WCGBTS",2012,3,4,0,4
"Pacific cod","OR","NWFSC WCGBTS",2013,5,8,0,0
"Pacific cod","OR","NWFSC WCGBTS",2014,6,10,0,10
"Pacific cod","OR","NWFSC WCGBTS",2015,24,99,0,80
"Pacific cod","OR","NWFSC WCGBTS",2016,6,66,0,32
"Pacific cod","OR","NWFSC WCGBTS",2017,3,7,0,7
"Pacific cod","OR","NWFSC WCGBTS",2019,1,1,0,1
"Pacific cod","OR","NWFSC WCGBTS",2022,5,16,0,16
"Pacific cod","OR","NWFSC WCGBTS",2023,2,2,0,2
"Pacific cod","WA","NWFSC WCGBTS",2003,48,682,0,0
"Pacific cod","WA","NWFSC WCGBTS",2004,31,215,0,0
"Pacific cod","WA","NWFSC WCGBTS",2005,22,170,0,0
"Pacific cod","WA","NWFSC WCGBTS",2006,13,146,0,0
"Pacific cod","WA","NWFSC WCGBTS",2007,21,172,0,0
"Pacific cod","WA","NWFSC WCGBTS",2008,15,78,0,0
"Pacific cod","WA","NWFSC WCGBTS",2009,12,117,0,0
"Pacific cod","WA","NWFSC WCGBTS",2010,37,345,0,164
"Pacific cod","WA","NWFSC WCGBTS",2011,31,295,0,144
"Pacific cod","WA","NWFSC WCGBTS",2012,18,150,0,85
"Pacific cod","WA","NWFSC WCGBTS",2013,22,167,0,33
"Pacific cod","WA","NWFSC WCGBTS",2014,33,230,0,175
"Pacific cod","WA","NWFSC WCGBTS",2015,38,229,0,190
"Pacific cod","WA","NWFSC WCGBTS",2016,25,165,0,116
"Pacific cod","WA","NWFSC WCGBTS",2017,23,89,0,88
"Pacific cod","WA","NWFSC WCGBTS",2018,10,45,0,45
"Pacific cod","WA","NWFSC WCGBTS",2019,9,68,0,32
"Pacific cod","WA","NWFSC WCGBTS",2021,7,24,0,24
"Pacific cod","WA","NWFSC WCGBTS",2022,15,59,0,59
"Pacific cod","WA","NWFSC WCGBTS",2023,23,187,0,115
"Pacific cod","WA","NWFSC WCGBTS",2024,11,114,0,72
"Pacific ocean perch","CA","NWFSC WCGBTS",2003,4,14,14,0
"Pacific ocean perch","CA","NWFSC WCGBTS",2005,3,21,21,0
"Pacific ocean perch","CA","NWFSC WCGBTS",2006,1,1,1,0
"Pacific ocean perch","CA","NWFSC WCGBTS",2007,7,9,9,0
"Pacific ocean perch","CA","NWFSC WCGBTS",2008,2,5,5,0
"Pacific ocean perch","CA","NWFSC WCGBTS",2009,5,5,5,0
"Pacific ocean perch","CA","NWFSC WCGBTS",2010,2,2,2,0
"Pacific ocean perch","CA","NWFSC WCGBTS",2011,4,9,8,1
"Pacific ocean perch","CA","NWFSC WCGBTS",2012,4,10,0,9
"Pacific ocean perch","CA","NWFSC WCGBTS",2013,2,26,0,26
"Pacific ocean perch","CA","NWFSC WCGBTS",2014,3,5,5,0
"Pacific ocean perch","CA","NWFSC WCGBTS",2015,2,8,8,0
"Pacific ocean perch","CA","NWFSC WCGBTS",2017,5,7,0,7
"Pacific ocean perch","CA","NWFSC WCGBTS",2018,2,2,0,2
"Pacific ocean perch","CA","NWFSC WCGBTS",2019,1,1,0,1
"Pacific ocean perch","CA","NWFSC WCGBTS",2021,2,10,0,10
"Pacific ocean perch","CA","NWFSC WCGBTS",2022,7,66,0,66
"Pacific ocean perch","CA","NWFSC WCGBTS",2023,5,22,0,22
"Pacific ocean perch","CA","NWFSC WCGBTS",2024,3,9,0,9
"Pacific ocean perch","OR","NWFSC WCGBTS",2003,24,524,199,0
"Pacific ocean perch","OR","NWFSC WCGBTS",2004,27,378,159,0
"Pacific ocean perch","OR","NWFSC WCGBTS",2005,20,184,109,0
"Pacific ocean perch","OR","NWFSC WCGBTS",2006,21,307,128,1
"Pacific ocean perch","OR","NWFSC WCGBTS",2007,27,180,176,0
"Pacific ocean perch","OR","NWFSC WCGBTS",2008,20,172,120,0
"Pacific ocean perch","OR","NWFSC WCGBTS",2009,30,223,169,0
"Pacific ocean perch","OR","NWFSC WCGBTS",2010,31,496,269,0
"Pacific ocean perch","OR","NWFSC WCGBTS",2011,34,576,433,2
"Pacific ocean perch","OR","NWFSC WCGBTS",2012,32,676,0,415
"Pacific ocean perch","OR","NWFSC WCGBTS",2013,34,374,150,175
"Pacific ocean perch","OR","NWFSC WCGBTS",2014,28,328,246,0
"Pacific ocean perch","OR","NWFSC WCGBTS",2015,45,388,353,2
"Pacific ocean perch","OR","NWFSC WCGBTS",2016,38,866,550,55
"Pacific ocean perch","OR","NWFSC WCGBTS",2017,37,640,0,529
"Pacific ocean perch","OR","NWFSC WCGBTS",2018,26,344,0,284
"Pacific ocean perch","OR","NWFSC WCGBTS",2019,15,230,0,186
"Pacific ocean perch","OR","NWFSC WCGBTS",2021,37,586,0,584
"Pacific ocean perch","OR","NWFSC WCGBTS",2022,50,647,0,645
"Pacific ocean perch","OR","NWFSC WCGBTS",2023,30,754,0,453
"Pacific ocean perch","OR","NWFSC WCGBTS",2024,41,647,0,445
"Pacific ocean perch","WA","NWFSC WCGBTS",2003,18,888,219,2
"Pacific ocean perch","WA","NWFSC WCGBTS",2004,7,187,60,0
"Pacific ocean perch","WA","NWFSC WCGBTS",2005,16,322,128,0
"Pacific ocean perch","WA","NWFSC WCGBTS",2006,11,351,125,0
"Pacific ocean perch","WA","NWFSC WCGBTS",2007,16,439,254,0
"Pacific ocean perch","WA","NWFSC WCGBTS",2008,17,362,203,0
"Pacific ocean perch","WA","NWFSC WCGBTS",2009,11,243,157,2
"Pacific ocean perch","WA","NWFSC WCGBTS",2010,20,409,308,0
"Pacific ocean perch","WA","NWFSC WCGBTS",2011,15,336,233,0
"Pacific ocean perch","WA","NWFSC WCGBTS",2012,14,489,0,275
"Pacific ocean perch","WA","NWFSC WCGBTS",2013,9,332,49,153
"Pacific ocean perch","WA","NWFSC WCGBTS",2014,21,658,375,0
"Pacific ocean perch","WA","NWFSC WCGBTS",2015,22,769,479,3
"Pacific ocean perch","WA","NWFSC WCGBTS",2016,12,284,153,12
"Pacific ocean perch","WA","NWFSC WCGBTS",2017,14,329,0,242
"Pacific ocean perch","WA","NWFSC WCGBTS",2018,12,302,0,251
"Pacific ocean perch","WA","NWFSC WCGBTS",2019,3,114,0,104
"Pacific ocean perch","WA","NWFSC WCGBTS",2021,20,225,0,225
"Pacific ocean perch","WA","NWFSC WCGBTS",2022,10,344,0,294
"Pacific ocean perch","WA","NWFSC WCGBTS",2023,15,341,0,187
"Pacific ocean perch","WA","NWFSC WCGBTS",2024,17,285,0,205
"Pacific sanddab","CA","NWFSC WCGBTS",2003,83,5804,492,5
"Pacific sanddab","CA","NWFSC WCGBTS",2004,91,6176,814,5
"Pacific sanddab","CA","NWFSC WCGBTS",2005,123,5197,557,4
"Pacific sanddab","CA","NWFSC WCGBTS",2006,98,3511,393,13
"Pacific sanddab","CA","NWFSC WCGBTS",2007,106,2598,406,4
"Pacific sanddab","CA","NWFSC WCGBTS",2008,118,2672,458,2
"Pacific sanddab","CA","NWFSC WCGBTS",2009,140,1801,0,530
"Pacific sanddab","CA","NWFSC WCGBTS",2010,152,860,648,72
"Pacific sanddab","CA","NWFSC WCGBTS",2011,139,2885,421,49
"Pacific sanddab","CA","NWFSC WCGBTS",2012,148,3061,525,53
"Pacific sanddab","CA","NWFSC WCGBTS",2013,92,2049,0,362
"Pacific sanddab","CA","NWFSC WCGBTS",2014,130,2851,0,507
"Pacific sanddab","CA","NWFSC WCGBTS",2015,138,2863,0,532
"Pacific sanddab","CA","NWFSC WCGBTS",2016,121,2586,0,241
"Pacific sanddab","CA","NWFSC WCGBTS",2017,124,1618,0,244
"Pacific sanddab","CA","NWFSC WCGBTS",2018,125,1461,0,243
"Pacific sanddab","CA","NWFSC WCGBTS",2019,53,622,0,106
"Pacific sanddab","CA","NWFSC WCGBTS",2021,134,1351,0,263
"Pacific sanddab","CA","NWFSC WCGBTS",2022,122,1298,0,240
"Pacific sanddab","CA","NWFSC WCGBTS",2023,116,1179,0,236
"Pacific sanddab","CA","NWFSC WCGBTS",2024,120,1277,0,232
"Pacific sanddab","OR","NWFSC WCGBTS",2003,26,1347,166,2
"Pacific sanddab","OR","NWFSC WCGBTS",2004,50,3474,445,3
"Pacific sanddab","OR","NWFSC WCGBTS",2005,78,4285,356,6
"Pacific sanddab","OR","NWFSC WCGBTS",2006,54,1826,219,1
"Pacific sanddab","OR","NWFSC WCGBTS",2007,58,1325,229,4
"Pacific sanddab","OR","NWFSC WCGBTS",2008,62,1464,237,3
"Pacific sanddab","OR","NWFSC WCGBTS",2009,59,827,0,223
"Pacific sanddab","OR","NWFSC WCGBTS",2010,67,468,272,46
"Pacific sanddab","OR","NWFSC WCGBTS",2011,71,1153,242,31
"Pacific sanddab","OR","NWFSC WCGBTS",2012,65,1074,207,40
"Pacific sanddab","OR","NWFSC WCGBTS",2013,45,865,0,172
"Pacific sanddab","OR","NWFSC WCGBTS",2014,76,1394,0,283
"Pacific sanddab","OR","NWFSC WCGBTS",2015,71,1469,0,267
"Pacific sanddab","OR","NWFSC WCGBTS",2016,76,1497,0,162
"Pacific sanddab","OR","NWFSC WCGBTS",2017,85,1066,0,165
"Pacific sanddab","OR","NWFSC WCGBTS",2018,66,783,0,128
"Pacific sanddab","OR","NWFSC WCGBTS",2019,35,371,0,67
"Pacific sanddab","OR","NWFSC WCGBTS",2021,75,734,0,146
"Pacific sanddab","OR","NWFSC WCGBTS",2022,76,792,1,144
"Pacific sanddab","OR","NWFSC WCGBTS",2023,71,758,0,142
"Pacific sanddab","OR","NWFSC WCGBTS",2024,70,677,0,140
"Pacific sanddab","WA","NWFSC WCGBTS",2003,24,1776,129,1
"Pacific sanddab","WA","NWFSC WCGBTS",2004,23,1055,150,0
"Pacific sanddab","WA","NWFSC WCGBTS",2005,20,689,90,4
"Pacific sanddab","WA","NWFSC WCGBTS",2006,23,459,80,1
"Pacific sanddab","WA","NWFSC WCGBTS",2007,26,396,90,2
"Pacific sanddab","WA","NWFSC WCGBTS",2008,22,400,73,1
"Pacific sanddab","WA","NWFSC WCGBTS",2009,16,171,0,56
"Pacific sanddab","WA","NWFSC WCGBTS",2010,22,179,93,15
"Pacific sanddab","WA","NWFSC WCGBTS",2011,30,538,89,16
"Pacific sanddab","WA","NWFSC WCGBTS",2012,26,438,80,13
"Pacific sanddab","WA","NWFSC WCGBTS",2013,22,388,0,80
"Pacific sanddab","WA","NWFSC WCGBTS",2014,35,772,0,135
"Pacific sanddab","WA","NWFSC WCGBTS",2015,37,694,0,127
"Pacific sanddab","WA","NWFSC WCGBTS",2016,26,488,0,60
"Pacific sanddab","WA","NWFSC WCGBTS",2017,32,364,0,55
"Pacific sanddab","WA","NWFSC WCGBTS",2018,36,371,0,69
"Pacific sanddab","WA","NWFSC WCGBTS",2019,22,242,0,42
"Pacific sanddab","WA","NWFSC WCGBTS",2021,25,258,0,51
"Pacific sanddab","WA","NWFSC WCGBTS",2022,23,244,0,46
"Pacific sanddab","WA","NWFSC WCGBTS",2023,34,343,0,67
"Pacific sanddab","WA","NWFSC WCGBTS",2024,31,316,0,62
"Pacific spiny dogfish","CA","NWFSC HKL",2005,2,2,0,0
"Pacific spiny dogfish","CA","NWFSC HKL",2006,1,1,0,0
"Pacific spiny dogfish","CA","NWFSC HKL",2012,1,1,0,0
"Pacific spiny dogfish","CA","NWFSC HKL",2017,1,1,0,0
"Pacific spiny dogfish","CA","NWFSC HKL",2021,1,1,0,0
"Pacific spiny dogfish","CA","NWFSC HKL",2023,1,1,0,0
"Pacific spiny dogfish","CA","NWFSC WCGBTS",2003,82,1069,0,315
"Pacific spiny dogfish","CA","NWFSC WCGBTS",2004,79,1279,0,240
"Pacific spiny dogfish","CA","NWFSC WCGBTS",2005,128,2171,0,473
"Pacific spiny dogfish","CA","NWFSC WCGBTS",2006,117,3025,0,478
"Pacific spiny dogfish","CA","NWFSC WCGBTS",2007,103,1335,0,378
"Pacific spiny dogfish","CA","NWFSC WCGBTS",2008,116,1684,0,441
"Pacific spiny dogfish","CA","NWFSC WCGBTS",2009,108,1187,0,391
"Pacific spiny dogfish","CA","NWFSC WCGBTS",2010,109,896,285,216
"Pacific spiny dogfish","CA","NWFSC WCGBTS",2011,88,643,0,267
"Pacific spiny dogfish","CA","NWFSC WCGBTS",2012,85,726,0,270
"Pacific spiny dogfish","CA","NWFSC WCGBTS",2013,58,481,0,202
"Pacific spiny dogfish","CA","NWFSC WCGBTS",2014,70,439,0,189
"Pacific spiny dogfish","CA","NWFSC WCGBTS",2015,64,149,0,123
"Pacific spiny dogfish","CA","NWFSC WCGBTS",2016,44,196,0,91
"Pacific spiny dogfish","CA","NWFSC WCGBTS",2017,50,217,0,104
"Pacific spiny dogfish","CA","NWFSC WCGBTS",2018,63,263,0,136
"Pacific spiny dogfish","CA","NWFSC WCGBTS",2019,30,221,0,85
"Pacific spiny dogfish","CA","NWFSC WCGBTS",2021,81,547,0,208
"Pacific spiny dogfish","CA","NWFSC WCGBTS",2022,75,497,0,2
"Pacific spiny dogfish","CA","NWFSC WCGBTS",2023,95,574,0,0
"Pacific spiny dogfish","CA","NWFSC WCGBTS",2024,56,312,0,135
"Pacific spiny dogfish","OR","NWFSC WCGBTS",2003,40,381,0,120
"Pacific spiny dogfish","OR","NWFSC WCGBTS",2004,35,187,0,96
"Pacific spiny dogfish","OR","NWFSC WCGBTS",2005,70,443,0,179
"Pacific spiny dogfish","OR","NWFSC WCGBTS",2006,65,412,0,167
"Pacific spiny dogfish","OR","NWFSC WCGBTS",2007,56,350,0,138
"Pacific spiny dogfish","OR","NWFSC WCGBTS",2008,70,401,0,190
"Pacific spiny dogfish","OR","NWFSC WCGBTS",2009,53,262,0,122
"Pacific spiny dogfish","OR","NWFSC WCGBTS",2010,52,288,128,80
"Pacific spiny dogfish","OR","NWFSC WCGBTS",2011,57,288,0,145
"Pacific spiny dogfish","OR","NWFSC WCGBTS",2012,48,279,0,132
"Pacific spiny dogfish","OR","NWFSC WCGBTS",2013,18,31,0,31
"Pacific spiny dogfish","OR","NWFSC WCGBTS",2014,29,275,0,86
"Pacific spiny dogfish","OR","NWFSC WCGBTS",2015,35,150,0,85
"Pacific spiny dogfish","OR","NWFSC WCGBTS",2016,37,97,0,78
"Pacific spiny dogfish","OR","NWFSC WCGBTS",2017,19,31,0,31
"Pacific spiny dogfish","OR","NWFSC WCGBTS",2018,44,219,0,102
"Pacific spiny dogfish","OR","NWFSC WCGBTS",2019,12,33,0,20
"Pacific spiny dogfish","OR","NWFSC WCGBTS",2021,17,41,0,38
"Pacific spiny dogfish","OR","NWFSC WCGBTS",2022,28,83,0,0
"Pacific spiny dogfish","OR","NWFSC WCGBTS",2023,23,53,0,0
"Pacific spiny dogfish","OR","NWFSC WCGBTS",2024,21,80,0,39
"Pacific spiny dogfish","WA","NWFSC WCGBTS",2003,57,2342,0,241
"Pacific spiny dogfish","WA","NWFSC WCGBTS",2004,47,1065,0,214
"Pacific spiny dogfish","WA","NWFSC WCGBTS",2005,55,956,0,216
"Pacific spiny dogfish","WA","NWFSC WCGBTS",2006,40,432,0,131
"Pacific spiny dogfish","WA","NWFSC WCGBTS",2007,65,736,0,233
"Pacific spiny dogfish","WA","NWFSC WCGBTS",2008,64,817,0,261
"Pacific spiny dogfish","WA","NWFSC WCGBTS",2009,44,212,0,119
"Pacific spiny dogfish","WA","NWFSC WCGBTS",2010,65,543,178,144
"Pacific spiny dogfish","WA","NWFSC WCGBTS",2011,55,706,0,227
"Pacific spiny dogfish","WA","NWFSC WCGBTS",2012,39,503,0,160
"Pacific spiny dogfish","WA","NWFSC WCGBTS",2013,19,101,0,54
"Pacific spiny dogfish","WA","NWFSC WCGBTS",2014,55,762,0,195
"Pacific spiny dogfish","WA","NWFSC WCGBTS",2015,46,371,0,142
"Pacific spiny dogfish","WA","NWFSC WCGBTS",2016,38,478,0,122
"Pacific spiny dogfish","WA","NWFSC WCGBTS",2017,32,291,0,92
"Pacific spiny dogfish","WA","NWFSC WCGBTS",2018,29,293,0,93
"Pacific spiny dogfish","WA","NWFSC WCGBTS",2019,23,235,0,82
"Pacific spiny dogfish","WA","NWFSC WCGBTS",2021,23,171,0,66
"Pacific spiny dogfish","WA","NWFSC WCGBTS",2022,21,206,0,1
"Pacific spiny dogfish","WA","NWFSC WCGBTS",2023,32,136,0,0
"Pacific spiny dogfish","WA","NWFSC WCGBTS",2024,32,206,0,84
"arrowtooth flounder","CA","NWFSC WCGBTS",2003,40,502,87,139
"arrowtooth flounder","CA","NWFSC WCGBTS",2004,27,205,61,27
"arrowtooth flounder","CA","NWFSC WCGBTS",2005,34,292,103,2
"arrowtooth flounder","CA","NWFSC WCGBTS",2006,22,154,46,24
"arrowtooth flounder","CA","NWFSC WCGBTS",2007,27,238,0,109
"arrowtooth flounder","CA","NWFSC WCGBTS",2008,37,372,0,124
"arrowtooth flounder","CA","NWFSC WCGBTS",2009,53,589,0,202
"arrowtooth flounder","CA","NWFSC WCGBTS",2010,57,720,0,227
"arrowtooth flounder","CA","NWFSC WCGBTS",2011,65,603,0,210
"arrowtooth flounder","CA","NWFSC WCGBTS",2012,67,800,104,161
"arrowtooth flounder","CA","NWFSC WCGBTS",2013,59,813,132,95
"arrowtooth flounder","CA","NWFSC WCGBTS",2014,73,824,107,128
"arrowtooth flounder","CA","NWFSC WCGBTS",2015,64,868,88,134
"arrowtooth flounder","CA","NWFSC WCGBTS",2016,67,590,74,132
"arrowtooth flounder","CA","NWFSC WCGBTS",2017,61,436,0,181
"arrowtooth flounder","CA","NWFSC WCGBTS",2018,52,330,0,164
"arrowtooth flounder","CA","NWFSC WCGBTS",2019,32,134,0,73
"arrowtooth flounder","CA","NWFSC WCGBTS",2021,46,222,0,111
"arrowtooth flounder","CA","NWFSC WCGBTS",2022,44,285,0,128
"arrowtooth flounder","CA","NWFSC WCGBTS",2023,72,466,0,230
"arrowtooth flounder","CA","NWFSC WCGBTS",2024,52,371,0,171
"arrowtooth flounder","OR","NWFSC WCGBTS",2003,83,1412,219,360
"arrowtooth flounder","OR","NWFSC WCGBTS",2004,91,1621,261,106
"arrowtooth flounder","OR","NWFSC WCGBTS",2005,120,1959,490,0
"arrowtooth flounder","OR","NWFSC WCGBTS",2006,115,1853,280,176
"arrowtooth flounder","OR","NWFSC WCGBTS",2007,128,1763,0,473
"arrowtooth flounder","OR","NWFSC WCGBTS",2008,122,1609,0,461
"arrowtooth flounder","OR","NWFSC WCGBTS",2009,113,1647,0,445
"arrowtooth flounder","OR","NWFSC WCGBTS",2010,125,1622,0,520
"arrowtooth flounder","OR","NWFSC WCGBTS",2011,130,1520,0,523
"arrowtooth flounder","OR","NWFSC WCGBTS",2012,126,1540,204,320
"arrowtooth flounder","OR","NWFSC WCGBTS",2013,84,1099,172,120
"arrowtooth flounder","OR","NWFSC WCGBTS",2014,132,1722,178,264
"arrowtooth flounder","OR","NWFSC WCGBTS",2015,137,1962,194,289
"arrowtooth flounder","OR","NWFSC WCGBTS",2016,167,1983,247,347
"arrowtooth flounder","OR","NWFSC WCGBTS",2017,149,1245,0,489
"arrowtooth flounder","OR","NWFSC WCGBTS",2018,123,922,0,398
"arrowtooth flounder","OR","NWFSC WCGBTS",2019,60,367,0,195
"arrowtooth flounder","OR","NWFSC WCGBTS",2021,107,758,0,349
"arrowtooth flounder","OR","NWFSC WCGBTS",2022,126,1022,0,432
"arrowtooth flounder","OR","NWFSC WCGBTS",2023,108,888,0,385
"arrowtooth flounder","OR","NWFSC WCGBTS",2024,117,919,0,394
"arrowtooth flounder","WA","NWFSC WCGBTS",2003,68,2588,206,358
"arrowtooth flounder","WA","NWFSC WCGBTS",2004,51,922,166,71
"arrowtooth flounder","WA","NWFSC WCGBTS",2005,62,1706,265,2
"arrowtooth flounder","WA","NWFSC WCGBTS",2006,51,1028,148,60
"arrowtooth flounder","WA","NWFSC WCGBTS",2007,72,1551,0,312
"arrowtooth flounder","WA","NWFSC WCGBTS",2008,70,1270,0,294
"arrowtooth flounder","WA","NWFSC WCGBTS",2009,66,1233,0,309
"arrowtooth flounder","WA","NWFSC WCGBTS",2010,82,1353,0,382
"arrowtooth flounder","WA","NWFSC WCGBTS",2011,69,937,0,310
"arrowtooth flounder","WA","NWFSC WCGBTS",2012,54,692,88,144
"arrowtooth flounder","WA","NWFSC WCGBTS",2013,41,622,96,70
"arrowtooth flounder","WA","NWFSC WCGBTS",2014,67,1104,115,131
"arrowtooth flounder","WA","NWFSC WCGBTS",2015,76,1021,118,144
"arrowtooth flounder","WA","NWFSC WCGBTS",2016,51,684,79,95
"arrowtooth flounder","WA","NWFSC WCGBTS",2017,57,537,0,196
"arrowtooth flounder","WA","NWFSC WCGBTS",2018,57,509,0,199
"arrowtooth flounder","WA","NWFSC WCGBTS",2019,31,253,0,108
"arrowtooth flounder","WA","NWFSC WCGBTS",2021,50,419,0,169
"arrowtooth flounder","WA","NWFSC WCGBTS",2022,35,281,0,121
"arrowtooth flounder","WA","NWFSC WCGBTS",2023,62,555,0,227
"arrowtooth flounder","WA","NWFSC WCGBTS",2024,54,457,0,194
"aurora rockfish","CA","NWFSC WCGBTS",2003,51,1031,336,134
"aurora rockfish","CA","NWFSC WCGBTS",2004,37,767,0,237
"aurora rockfish","CA","NWFSC WCGBTS",2005,62,1459,313,118
"aurora rockfish","CA","NWFSC WCGBTS",2006,54,1443,0,418
"aurora rockfish","CA","NWFSC WCGBTS",2007,55,1471,273,131
"aurora rockfish","CA","NWFSC WCGBTS",2008,84,1523,0,555
"aurora rockfish","CA","NWFSC WCGBTS",2009,54,1566,269,129
"aurora rockfish","CA","NWFSC WCGBTS",2010,71,1476,404,269
"aurora rockfish","CA","NWFSC WCGBTS",2011,58,1224,351,203
"aurora rockfish","CA","NWFSC WCGBTS",2012,64,1325,322,292
"aurora rockfish","CA","NWFSC WCGBTS",2013,32,639,1,338
"aurora rockfish","CA","NWFSC WCGBTS",2014,55,1153,0,480
"aurora rockfish","CA","NWFSC WCGBTS",2015,61,1784,0,622
"aurora rockfish","CA","NWFSC WCGBTS",2016,59,1539,0,642
"aurora rockfish","CA","NWFSC WCGBTS",2017,58,1646,0,597
"aurora rockfish","CA","NWFSC WCGBTS",2018,60,1280,0,590
"aurora rockfish","CA","NWFSC WCGBTS",2019,23,531,0,246
"aurora rockfish","CA","NWFSC WCGBTS",2021,54,1131,0,503
"aurora rockfish","CA","NWFSC WCGBTS",2022,48,1240,0,542
"aurora rockfish","CA","NWFSC WCGBTS",2023,58,1250,0,569
"aurora rockfish","CA","NWFSC WCGBTS",2024,50,741,0,373
"aurora rockfish","OR","NWFSC WCGBTS",2003,14,83,64,19
"aurora rockfish","OR","NWFSC WCGBTS",2004,17,310,0,107
"aurora rockfish","OR","NWFSC WCGBTS",2005,23,208,98,20
"aurora rockfish","OR","NWFSC WCGBTS",2006,31,265,0,173
"aurora rockfish","OR","NWFSC WCGBTS",2007,33,217,118,58
"aurora rockfish","OR","NWFSC WCGBTS",2008,27,166,0,134
"aurora rockfish","OR","NWFSC WCGBTS",2009,31,323,128,53
"aurora rockfish","OR","NWFSC WCGBTS",2010,18,155,83,46
"aurora rockfish","OR","NWFSC WCGBTS",2011,35,297,150,79
"aurora rockfish","OR","NWFSC WCGBTS",2012,35,354,143,116
"aurora rockfish","OR","NWFSC WCGBTS",2013,22,191,0,155
"aurora rockfish","OR","NWFSC WCGBTS",2014,25,339,0,180
"aurora rockfish","OR","NWFSC WCGBTS",2015,23,259,0,155
"aurora rockfish","OR","NWFSC WCGBTS",2016,29,338,0,258
"aurora rockfish","OR","NWFSC WCGBTS",2017,28,417,0,239
"aurora rockfish","OR","NWFSC WCGBTS",2018,36,452,0,289
"aurora rockfish","OR","NWFSC WCGBTS",2019,11,95,0,82
"aurora rockfish","OR","NWFSC WCGBTS",2021,32,377,0,256
"aurora rockfish","OR","NWFSC WCGBTS",2022,20,254,0,179
"aurora rockfish","OR","NWFSC WCGBTS",2023,22,127,0,125
"aurora rockfish","OR","NWFSC WCGBTS",2024,23,226,0,120
"aurora rockfish","WA","NWFSC WCGBTS",2003,2,6,4,2
"aurora rockfish","WA","NWFSC WCGBTS",2004,1,10,0,10
"aurora rockfish","WA","NWFSC WCGBTS",2005,4,18,17,1
"aurora rockfish","WA","NWFSC WCGBTS",2006,2,8,0,8
"aurora rockfish","WA","NWFSC WCGBTS",2007,4,6,4,2
"aurora rockfish","WA","NWFSC WCGBTS",2008,7,19,0,17
"aurora rockfish","WA","NWFSC WCGBTS",2009,2,8,6,2
"aurora rockfish","WA","NWFSC WCGBTS",2010,2,3,0,3
"aurora rockfish","WA","NWFSC WCGBTS",2011,1,1,1,0
"aurora rockfish","WA","NWFSC WCGBTS",2012,2,5,5,0
"aurora rockfish","WA","NWFSC WCGBTS",2013,4,21,0,21
"aurora rockfish","WA","NWFSC WCGBTS",2014,3,5,0,5
"aurora rockfish","WA","NWFSC WCGBTS",2015,5,16,0,16
"aurora rockfish","WA","NWFSC WCGBTS",2016,3,96,0,44
"aurora rockfish","WA","NWFSC WCGBTS",2017,4,7,0,7
"aurora rockfish","WA","NWFSC WCGBTS",2018,4,27,0,27
"aurora rockfish","WA","NWFSC WCGBTS",2019,1,2,0,2
"aurora rockfish","WA","NWFSC WCGBTS",2021,3,46,0,21
"aurora rockfish","WA","NWFSC WCGBTS",2022,3,15,0,15
"aurora rockfish","WA","NWFSC WCGBTS",2023,4,25,0,25
"aurora rockfish","WA","NWFSC WCGBTS",2024,5,40,0,30
"bank rockfish","CA","NWFSC HKL",2004,8,12,0,12
"bank rockfish","CA","NWFSC HKL",2005,10,24,0,23
"bank rockfish","CA","NWFSC HKL",2006,12,49,0,49
"bank rockfish","CA","NWFSC HKL",2007,8,15,0,15
"bank rockfish","CA","NWFSC HKL",2008,10,39,0,40
"bank rockfish","CA","NWFSC HKL",2009,11,30,0,30
"bank rockfish","CA","NWFSC HKL",2010,13,75,0,75
"bank rockfish","CA","NWFSC HKL",2011,8,32,0,31
"bank rockfish","CA","NWFSC HKL",2012,16,25,0,25
"bank rockfish","CA","NWFSC HKL",2013,11,38,0,38
"bank rockfish","CA","NWFSC HKL",2014,30,133,0,131
"bank rockfish","CA","NWFSC HKL",2015,48,387,0,387
"bank rockfish","CA","NWFSC HKL",2016,43,312,0,312
"bank rockfish","CA","NWFSC HKL",2017,42,383,0,378
"bank rockfish","CA","NWFSC HKL",2018,55,560,0,560
"bank rockfish","CA","NWFSC HKL",2019,49,418,0,414
"bank rockfish","CA","NWFSC HKL",2021,50,309,0,308
"bank rockfish","CA","NWFSC HKL",2022,47,280,0,279
"bank rockfish","CA","NWFSC HKL",2023,50,293,0,292
"bank rockfish","CA","NWFSC HKL",2024,47,252,0,252
"bank rockfish","CA","NWFSC WCGBTS",2003,2,2,0,1
"bank rockfish","CA","NWFSC WCGBTS",2004,8,106,0,60
"bank rockfish","CA","NWFSC WCGBTS",2005,11,96,0,50
"bank rockfish","CA","NWFSC WCGBTS",2006,11,256,0,63
"bank rockfish","CA","NWFSC WCGBTS",2007,13,74,0,54
"bank rockfish","CA","NWFSC WCGBTS",2008,15,28,0,28
"bank rockfish","CA","NWFSC WCGBTS",2009,11,83,0,73
"bank rockfish","CA","NWFSC WCGBTS",2010,12,169,0,70
"bank rockfish","CA","NWFSC WCGBTS",2011,13,22,0,22
"bank rockfish","CA","NWFSC WCGBTS",2012,9,31,0,30
"bank rockfish","CA","NWFSC WCGBTS",2013,13,31,0,31
"bank rockfish","CA","NWFSC WCGBTS",2014,16,141,0,107
"bank rockfish","CA","NWFSC WCGBTS",2015,17,59,0,59
"bank rockfish","CA","NWFSC WCGBTS",2016,15,196,0,151
"bank rockfish","CA","NWFSC WCGBTS",2017,14,39,0,39
"bank rockfish","CA","NWFSC WCGBTS",2018,12,310,0,186
"bank rockfish","CA","NWFSC WCGBTS",2019,6,245,0,222
"bank rockfish","CA","NWFSC WCGBTS",2021,7,24,0,24
"bank rockfish","CA","NWFSC WCGBTS",2022,11,21,0,21
"bank rockfish","CA","NWFSC WCGBTS",2023,13,62,0,62
"bank rockfish","CA","NWFSC WCGBTS",2024,10,102,0,102
"bank rockfish","OR","NWFSC WCGBTS",2003,2,4,0,3
"bank rockfish","OR","NWFSC WCGBTS",2007,1,1,0,1
"bank rockfish","OR","NWFSC WCGBTS",2008,1,1,0,1
"bank rockfish","OR","NWFSC WCGBTS",2009,1,1,0,1
"bank rockfish","OR","NWFSC WCGBTS",2010,1,1,0,1
"bank rockfish","OR","NWFSC WCGBTS",2011,3,116,0,30
"bank rockfish","OR","NWFSC WCGBTS",2013,1,1,0,1
"bank rockfish","OR","NWFSC WCGBTS",2014,2,4,0,4
"bank rockfish","OR","NWFSC WCGBTS",2015,1,1,0,1
"bank rockfish","OR","NWFSC WCGBTS",2016,1,4,0,4
"bank rockfish","OR","NWFSC WCGBTS",2018,1,1,0,1
"bank rockfish","OR","NWFSC WCGBTS",2022,2,2,0,2
"bank rockfish","OR","NWFSC WCGBTS",2023,1,2,0,2
"bank rockfish","OR","NWFSC WCGBTS",2024,3,3,0,3
"bank rockfish","WA","NWFSC WCGBTS",2006,1,1,0,1
"bank rockfish","WA","NWFSC WCGBTS",2008,1,2,0,2
"bank rockfish","WA","NWFSC WCGBTS",2022,1,1,0,1
"big skate","CA","NWFSC WCGBTS",2003,24,90,0,0
"big skate","CA","NWFSC WCGBTS",2004,32,135,0,0
"big skate","CA","NWFSC WCGBTS",2005,29,80,0,0
"big skate","CA","NWFSC WCGBTS",2006,26,0,0,0
"big skate","CA","NWFSC WCGBTS",2007,22,7,0,0
"big skate","CA","NWFSC WCGBTS",2008,18,58,0,0
"big skate","CA","NWFSC WCGBTS",2009,32,113,78,0
"big skate","CA","NWFSC WCGBTS",2010,50,169,129,1
"big skate","CA","NWFSC WCGBTS",2011,52,245,0,0
"big skate","CA","NWFSC WCGBTS",2012,55,213,0,0
"big skate","CA","NWFSC WCGBTS",2013,37,176,0,0
"big skate","CA","NWFSC WCGBTS",2014,70,283,0,0
"big skate","CA","NWFSC WCGBTS",2015,45,118,0,0
"big skate","CA","NWFSC WCGBTS",2016,23,50,30,0
"big skate","CA","NWFSC WCGBTS",2017,33,147,45,2
"big skate","CA","NWFSC WCGBTS",2018,52,126,69,0
"big skate","CA","NWFSC WCGBTS",2019,9,10,0,9
"big skate","CA","NWFSC WCGBTS",2021,22,95,0,34
"big skate","CA","NWFSC WCGBTS",2022,19,33,0,24
"big skate","CA","NWFSC WCGBTS",2023,22,57,0,32
"big skate","CA","NWFSC WCGBTS",2024,22,58,0,30
"big skate","OR","NWFSC WCGBTS",2003,23,77,0,0
"big skate","OR","NWFSC WCGBTS",2004,34,93,0,0
"big skate","OR","NWFSC WCGBTS",2005,55,193,0,0
"big skate","OR","NWFSC WCGBTS",2006,32,0,0,0
"big skate","OR","NWFSC WCGBTS",2007,38,59,0,0
"big skate","OR","NWFSC WCGBTS",2008,26,89,0,0
"big skate","OR","NWFSC WCGBTS",2009,33,94,92,0
"big skate","OR","NWFSC WCGBTS",2010,51,173,122,2
"big skate","OR","NWFSC WCGBTS",2011,32,80,0,0
"big skate","OR","NWFSC WCGBTS",2012,36,149,0,0
"big skate","OR","NWFSC WCGBTS",2013,29,90,0,0
"big skate","OR","NWFSC WCGBTS",2014,46,158,0,0
"big skate","OR","NWFSC WCGBTS",2015,57,245,0,0
"big skate","OR","NWFSC WCGBTS",2016,50,145,65,0
"big skate","OR","NWFSC WCGBTS",2017,62,211,84,5
"big skate","OR","NWFSC WCGBTS",2018,43,110,59,2
"big skate","OR","NWFSC WCGBTS",2019,22,56,0,32
"big skate","OR","NWFSC WCGBTS",2021,47,143,0,67
"big skate","OR","NWFSC WCGBTS",2022,68,248,0,100
"big skate","OR","NWFSC WCGBTS",2023,51,166,0,77
"big skate","OR","NWFSC WCGBTS",2024,35,72,0,46
"big skate","WA","NWFSC WCGBTS",2003,13,30,0,0
"big skate","WA","NWFSC WCGBTS",2004,15,34,0,0
"big skate","WA","NWFSC WCGBTS",2005,15,55,0,0
"big skate","WA","NWFSC WCGBTS",2006,7,0,0,0
"big skate","WA","NWFSC WCGBTS",2007,16,29,0,0
"big skate","WA","NWFSC WCGBTS",2008,9,12,0,0
"big skate","WA","NWFSC WCGBTS",2009,17,98,60,0
"big skate","WA","NWFSC WCGBTS",2010,29,124,82,0
"big skate","WA","NWFSC WCGBTS",2011,15,35,0,0
"big skate","WA","NWFSC WCGBTS",2012,13,33,0,0
"big skate","WA","NWFSC WCGBTS",2013,18,50,0,0
"big skate","WA","NWFSC WCGBTS",2014,33,111,0,0
"big skate","WA","NWFSC WCGBTS",2015,33,183,0,0
"big skate","WA","NWFSC WCGBTS",2016,32,227,43,2
"big skate","WA","NWFSC WCGBTS",2017,30,138,35,16
"big skate","WA","NWFSC WCGBTS",2018,28,95,41,0
"big skate","WA","NWFSC WCGBTS",2019,25,114,0,41
"big skate","WA","NWFSC WCGBTS",2021,23,96,0,38
"big skate","WA","NWFSC WCGBTS",2022,25,268,0,43
"big skate","WA","NWFSC WCGBTS",2023,35,184,0,55
"big skate","WA","NWFSC WCGBTS",2024,24,71,0,40
"black rockfish","OR","NWFSC WCGBTS",2009,2,2,0,2
"black rockfish","OR","NWFSC WCGBTS",2015,1,1,0,1
"black rockfish","OR","NWFSC WCGBTS",2017,2,3,0,3
"black rockfish","OR","NWFSC WCGBTS",2021,1,6,0,6
"black rockfish","WA","NWFSC WCGBTS",2016,1,1,0,1
"blackgill rockfish","CA","NWFSC HKL",2010,1,1,0,1
"blackgill rockfish","CA","NWFSC HKL",2013,1,1,0,1
"blackgill rockfish","CA","NWFSC HKL",2018,2,3,0,3
"blackgill rockfish","CA","NWFSC HKL",2023,1,1,0,1
"blackgill rockfish","CA","NWFSC HKL",2024,1,1,0,1
"blackgill rockfish","CA","NWFSC WCGBTS",2003,19,117,0,77
"blackgill rockfish","CA","NWFSC WCGBTS",2004,14,410,0,142
"blackgill rockfish","CA","NWFSC WCGBTS",2005,24,388,0,181
"blackgill rockfish","CA","NWFSC WCGBTS",2006,33,759,0,207
"blackgill rockfish","CA","NWFSC WCGBTS",2007,27,289,0,185
"blackgill rockfish","CA","NWFSC WCGBTS",2008,35,320,0,224
"blackgill rockfish","CA","NWFSC WCGBTS",2009,37,545,0,422
"blackgill rockfish","CA","NWFSC WCGBTS",2010,41,519,0,458
"blackgill rockfish","CA","NWFSC WCGBTS",2011,39,359,305,0
"blackgill rockfish","CA","NWFSC WCGBTS",2012,40,504,415,0
"blackgill rockfish","CA","NWFSC WCGBTS",2013,30,398,0,327
"blackgill rockfish","CA","NWFSC WCGBTS",2014,38,854,638,0
"blackgill rockfish","CA","NWFSC WCGBTS",2015,38,718,579,0
"blackgill rockfish","CA","NWFSC WCGBTS",2016,32,372,0,354
"blackgill rockfish","CA","NWFSC WCGBTS",2017,34,521,0,381
"blackgill rockfish","CA","NWFSC WCGBTS",2018,41,962,0,685
"blackgill rockfish","CA","NWFSC WCGBTS",2019,14,193,0,179
"blackgill rockfish","CA","NWFSC WCGBTS",2021,37,547,0,364
"blackgill rockfish","CA","NWFSC WCGBTS",2022,35,768,0,559
"blackgill rockfish","CA","NWFSC WCGBTS",2023,40,390,0,390
"blackgill rockfish","CA","NWFSC WCGBTS",2024,33,551,0,451
"blackgill rockfish","OR","NWFSC WCGBTS",2003,2,12,0,12
"blackgill rockfish","OR","NWFSC WCGBTS",2004,6,39,0,33
"blackgill rockfish","OR","NWFSC WCGBTS",2005,4,10,0,10
"blackgill rockfish","OR","NWFSC WCGBTS",2006,3,3,0,3
"blackgill rockfish","OR","NWFSC WCGBTS",2007,2,9,0,9
"blackgill rockfish","OR","NWFSC WCGBTS",2008,8,18,0,18
"blackgill rockfish","OR","NWFSC WCGBTS",2009,3,8,0,8
"blackgill rockfish","OR","NWFSC WCGBTS",2010,2,3,0,3
"blackgill rockfish","OR","NWFSC WCGBTS",2011,5,6,6,0
"blackgill rockfish","OR","NWFSC WCGBTS",2012,3,4,4,0
"blackgill rockfish","OR","NWFSC WCGBTS",2013,1,21,0,21
"blackgill rockfish","OR","NWFSC WCGBTS",2015,1,1,1,0
"blackgill rockfish","OR","NWFSC WCGBTS",2016,1,2,0,2
"blackgill rockfish","OR","NWFSC WCGBTS",2017,4,75,0,61
"blackgill rockfish","OR","NWFSC WCGBTS",2018,3,8,0,8
"blackgill rockfish","OR","NWFSC WCGBTS",2019,1,1,0,1
"blackgill rockfish","OR","NWFSC WCGBTS",2021,2,59,0,59
"blackgill rockfish","OR","NWFSC WCGBTS",2022,1,3,0,2
"blackgill rockfish","OR","NWFSC WCGBTS",2023,1,2,0,2
"blackgill rockfish","OR","NWFSC WCGBTS",2024,2,2,0,2
"blackgill rockfish","WA","NWFSC WCGBTS",2008,1,1,0,1
"blackgill rockfish","WA","NWFSC WCGBTS",2016,1,5,0,5
"blackgill rockfish","WA","NWFSC WCGBTS",2024,1,1,0,1
"bocaccio","CA","NWFSC HKL",2004,59,780,0,724
"bocaccio","CA","NWFSC HKL",2005,69,664,0,665
"bocaccio","CA","NWFSC HKL",2006,73,730,0,733
"bocaccio","CA","NWFSC HKL",2007,79,643,0,640
"bocaccio","CA","NWFSC HKL",2008,91,652,0,649
"bocaccio","CA","NWFSC HKL",2009,80,586,0,583
"bocaccio","CA","NWFSC HKL",2010,64,271,0,268
"bocaccio","CA","NWFSC HKL",2011,87,771,0,765
"bocaccio","CA","NWFSC HKL",2012,103,1072,0,1067
"bocaccio","CA","NWFSC HKL",2013,95,1127,0,1123
"bocaccio","CA","NWFSC HKL",2014,138,1789,0,1790
"bocaccio","CA","NWFSC HKL",2015,159,1947,0,806
"bocaccio","CA","NWFSC HKL",2016,152,1256,0,536
"bocaccio","CA","NWFSC HKL",2017,161,1349,0,554
"bocaccio","CA","NWFSC HKL",2018,161,1416,0,581
"bocaccio","CA","NWFSC HKL",2019,165,1376,0,498
"bocaccio","CA","NWFSC HKL",2021,141,965,0,371
"bocaccio","CA","NWFSC HKL",2022,150,1403,0,548
"bocaccio","CA","NWFSC HKL",2023,167,1491,0,556
"bocaccio","CA","NWFSC HKL",2024,159,1045,0,385
"bocaccio","CA","NWFSC WCGBTS",2003,33,91,91,0
"bocaccio","CA","NWFSC WCGBTS",2004,29,480,209,0
"bocaccio","CA","NWFSC WCGBTS",2005,39,270,147,0
"bocaccio","CA","NWFSC WCGBTS",2006,34,211,98,8
"bocaccio","CA","NWFSC WCGBTS",2007,27,149,86,4
"bocaccio","CA","NWFSC WCGBTS",2008,21,101,76,0
"bocaccio","CA","NWFSC WCGBTS",2009,23,94,89,5
"bocaccio","CA","NWFSC WCGBTS",2010,36,271,187,1
"bocaccio","CA","NWFSC WCGBTS",2011,20,99,99,0
"bocaccio","CA","NWFSC WCGBTS",2012,43,807,504,2
"bocaccio","CA","NWFSC WCGBTS",2013,45,737,492,2
"bocaccio","CA","NWFSC WCGBTS",2014,91,1006,681,16
"bocaccio","CA","NWFSC WCGBTS",2015,53,666,0,353
"bocaccio","CA","NWFSC WCGBTS",2016,76,1438,0,687
"bocaccio","CA","NWFSC WCGBTS",2017,51,827,0,523
"bocaccio","CA","NWFSC WCGBTS",2018,61,699,0,494
"bocaccio","CA","NWFSC WCGBTS",2019,31,436,0,305
"bocaccio","CA","NWFSC WCGBTS",2021,76,627,0,503
"bocaccio","CA","NWFSC WCGBTS",2022,43,436,0,307
"bocaccio","CA","NWFSC WCGBTS",2023,44,400,0,323
"bocaccio","CA","NWFSC WCGBTS",2024,60,591,0,436
"bocaccio","OR","NWFSC WCGBTS",2003,1,1,1,0
"bocaccio","OR","NWFSC WCGBTS",2005,3,4,3,1
"bocaccio","OR","NWFSC WCGBTS",2007,1,1,1,0
"bocaccio","OR","NWFSC WCGBTS",2008,2,2,2,0
"bocaccio","OR","NWFSC WCGBTS",2012,1,2,2,0
"bocaccio","OR","NWFSC WCGBTS",2014,4,11,11,0
"bocaccio","OR","NWFSC WCGBTS",2015,3,5,0,5
"bocaccio","OR","NWFSC WCGBTS",2016,3,5,0,5
"bocaccio","OR","NWFSC WCGBTS",2017,11,88,0,61
"bocaccio","OR","NWFSC WCGBTS",2018,5,19,0,19
"bocaccio","OR","NWFSC WCGBTS",2019,6,64,0,39
"bocaccio","OR","NWFSC WCGBTS",2021,8,13,0,13
"bocaccio","OR","NWFSC WCGBTS",2022,3,5,0,5
"bocaccio","OR","NWFSC WCGBTS",2023,2,2,0,2
"bocaccio","OR","NWFSC WCGBTS",2024,5,72,0,30
"bocaccio","WA","NWFSC WCGBTS",2003,5,16,14,2
"bocaccio","WA","NWFSC WCGBTS",2006,3,50,28,0
"bocaccio","WA","NWFSC WCGBTS",2007,2,7,7,0
"bocaccio","WA","NWFSC WCGBTS",2008,2,7,7,0
"bocaccio","WA","NWFSC WCGBTS",2010,1,1,1,0
"bocaccio","WA","NWFSC WCGBTS",2011,2,6,6,0
"bocaccio","WA","NWFSC WCGBTS",2012,4,8,7,1
"bocaccio","WA","NWFSC WCGBTS",2013,1,1,1,0
"bocaccio","WA","NWFSC WCGBTS",2014,2,3,3,0
"bocaccio","WA","NWFSC WCGBTS",2015,1,1,0,1
"bocaccio","WA","NWFSC WCGBTS",2016,2,4,0,3
"bocaccio","WA","NWFSC WCGBTS",2017,12,37,0,37
"bocaccio","WA","NWFSC WCGBTS",2018,11,96,0,96
"bocaccio","WA","NWFSC WCGBTS",2019,5,39,0,39
"bocaccio","WA","NWFSC WCGBTS",2021,9,39,0,39
"bocaccio","WA","NWFSC WCGBTS",2022,4,81,0,54
"bocaccio","WA","NWFSC WCGBTS",2023,7,22,0,22
"bocaccio","WA","NWFSC WCGBTS",2024,12,59,0,39
"cabezon","WA","NWFSC WCGBTS",2017,1,1,0,1
"canary rockfish","CA","NWFSC HKL",2004,12,32,32,0
"canary rockfish","CA","NWFSC HKL",2005,6,40,40,0
"canary rockfish","CA","NWFSC HKL",2006,7,25,25,0
"canary rockfish","CA","NWFSC HKL",2007,8,43,43,0
"canary rockfish","CA","NWFSC HKL",2008,3,8,8,0
"canary rockfish","CA","NWFSC HKL",2009,8,40,40,0
"canary rockfish","CA","NWFSC HKL",2010,7,32,32,0
"canary rockfish","CA","NWFSC HKL",2011,5,22,20,2
"canary rockfish","CA","NWFSC HKL",2012,4,24,24,0
"canary rockfish","CA","NWFSC HKL",2013,4,24,24,0
"canary rockfish","CA","NWFSC HKL",2014,7,28,28,0
"canary rockfish","CA","NWFSC HKL",2015,9,21,19,1
"canary rockfish","CA","NWFSC HKL",2016,7,11,11,0
"canary rockfish","CA","NWFSC HKL",2017,9,15,15,0
"canary rockfish","CA","NWFSC HKL",2018,12,41,41,0
"canary rockfish","CA","NWFSC HKL",2019,9,41,40,1
"canary rockfish","CA","NWFSC HKL",2021,6,12,11,0
"canary rockfish","CA","NWFSC HKL",2022,10,58,58,0
"canary rockfish","CA","NWFSC HKL",2023,8,20,0,19
"canary rockfish","CA","NWFSC HKL",2024,8,16,0,15
"canary rockfish","CA","NWFSC WCGBTS",2003,13,99,60,0
"canary rockfish","CA","NWFSC WCGBTS",2004,11,156,100,1
"canary rockfish","CA","NWFSC WCGBTS",2005,16,395,100,0
"canary rockfish","CA","NWFSC WCGBTS",2006,15,304,130,0
"canary rockfish","CA","NWFSC WCGBTS",2007,11,199,137,0
"canary rockfish","CA","NWFSC WCGBTS",2008,12,107,78,0
"canary rockfish","CA","NWFSC WCGBTS",2009,13,179,114,1
"canary rockfish","CA","NWFSC WCGBTS",2010,11,60,60,0
"canary rockfish","CA","NWFSC WCGBTS",2011,9,47,47,0
"canary rockfish","CA","NWFSC WCGBTS",2012,16,32,31,1
"canary rockfish","CA","NWFSC WCGBTS",2013,13,142,116,0
"canary rockfish","CA","NWFSC WCGBTS",2014,18,256,172,0
"canary rockfish","CA","NWFSC WCGBTS",2015,14,154,116,0
"canary rockfish","CA","NWFSC WCGBTS",2016,18,208,104,0
"canary rockfish","CA","NWFSC WCGBTS",2017,17,89,84,0
"canary rockfish","CA","NWFSC WCGBTS",2018,14,119,62,0
"canary rockfish","CA","NWFSC WCGBTS",2019,14,64,64,0
"canary rockfish","CA","NWFSC WCGBTS",2021,12,251,179,0
"canary rockfish","CA","NWFSC WCGBTS",2022,13,130,100,1
"canary rockfish","CA","NWFSC WCGBTS",2023,18,177,0,90
"canary rockfish","CA","NWFSC WCGBTS",2024,14,229,0,96
"canary rockfish","OR","NWFSC WCGBTS",2003,19,130,113,1
"canary rockfish","OR","NWFSC WCGBTS",2004,13,158,77,0
"canary rockfish","OR","NWFSC WCGBTS",2005,23,72,68,0
"canary rockfish","OR","NWFSC WCGBTS",2006,11,33,33,0
"canary rockfish","OR","NWFSC WCGBTS",2007,22,105,104,0
"canary rockfish","OR","NWFSC WCGBTS",2008,16,437,204,0
"canary rockfish","OR","NWFSC WCGBTS",2009,8,20,20,0
"canary rockfish","OR","NWFSC WCGBTS",2010,21,178,167,0
"canary rockfish","OR","NWFSC WCGBTS",2011,17,194,114,0
"canary rockfish","OR","NWFSC WCGBTS",2012,18,221,221,0
"canary rockfish","OR","NWFSC WCGBTS",2013,11,115,115,0
"canary rockfish","OR","NWFSC WCGBTS",2014,29,533,352,2
"canary rockfish","OR","NWFSC WCGBTS",2015,39,284,269,0
"canary rockfish","OR","NWFSC WCGBTS",2016,35,610,310,0
"canary rockfish","OR","NWFSC WCGBTS",2017,41,471,240,0
"canary rockfish","OR","NWFSC WCGBTS",2018,24,304,222,1
"canary rockfish","OR","NWFSC WCGBTS",2019,17,323,191,1
"canary rockfish","OR","NWFSC WCGBTS",2021,31,222,181,1
"canary rockfish","OR","NWFSC WCGBTS",2022,24,253,177,0
"canary rockfish","OR","NWFSC WCGBTS",2023,19,43,0,42
"canary rockfish","OR","NWFSC WCGBTS",2024,17,187,0,90
"canary rockfish","WA","NWFSC WCGBTS",2003,17,193,88,15
"canary rockfish","WA","NWFSC WCGBTS",2004,14,169,78,0
"canary rockfish","WA","NWFSC WCGBTS",2005,14,63,63,0
"canary rockfish","WA","NWFSC WCGBTS",2006,6,286,84,0
"canary rockfish","WA","NWFSC WCGBTS",2007,15,369,256,0
"canary rockfish","WA","NWFSC WCGBTS",2008,7,248,170,0
"canary rockfish","WA","NWFSC WCGBTS",2009,11,107,105,0
"canary rockfish","WA","NWFSC WCGBTS",2010,19,257,170,0
"canary rockfish","WA","NWFSC WCGBTS",2011,19,332,203,1
"canary rockfish","WA","NWFSC WCGBTS",2012,21,598,343,0
"canary rockfish","WA","NWFSC WCGBTS",2013,14,255,145,1
"canary rockfish","WA","NWFSC WCGBTS",2014,27,677,376,7
"canary rockfish","WA","NWFSC WCGBTS",2015,24,626,350,3
"canary rockfish","WA","NWFSC WCGBTS",2016,27,237,191,0
"canary rockfish","WA","NWFSC WCGBTS",2017,25,399,193,0
"canary rockfish","WA","NWFSC WCGBTS",2018,27,296,190,0
"canary rockfish","WA","NWFSC WCGBTS",2019,9,157,104,0
"canary rockfish","WA","NWFSC WCGBTS",2021,10,188,108,0
"canary rockfish","WA","NWFSC WCGBTS",2022,12,311,213,0
"canary rockfish","WA","NWFSC WCGBTS",2023,23,381,0,244
"canary rockfish","WA","NWFSC WCGBTS",2024,28,233,0,106
"chilipepper","CA","NWFSC HKL",2004,13,67,0,67
"chilipepper","CA","NWFSC HKL",2005,14,74,0,74
"chilipepper","CA","NWFSC HKL",2006,12,44,0,44
"chilipepper","CA","NWFSC HKL",2007,14,83,0,80
"chilipepper","CA","NWFSC HKL",2008,16,89,0,83
"chilipepper","CA","NWFSC HKL",2009,13,86,0,82
"chilipepper","CA","NWFSC HKL",2010,15,50,50,0
"chilipepper","CA","NWFSC HKL",2011,22,134,0,56
"chilipepper","CA","NWFSC HKL",2012,23,77,0,77
"chilipepper","CA","NWFSC HKL",2013,13,73,0,73
"chilipepper","CA","NWFSC HKL",2014,32,172,0,172
"chilipepper","CA","NWFSC HKL",2015,34,169,0,168
"chilipepper","CA","NWFSC HKL",2016,30,143,0,142
"chilipepper","CA","NWFSC HKL",2017,43,306,0,296
"chilipepper","CA","NWFSC HKL",2018,34,263,0,261
"chilipepper","CA","NWFSC HKL",2019,36,280,39,184
"chilipepper","CA","NWFSC HKL",2021,25,133,40,89
"chilipepper","CA","NWFSC HKL",2022,33,132,40,83
"chilipepper","CA","NWFSC HKL",2023,46,227,40,181
"chilipepper","CA","NWFSC HKL",2024,51,279,40,237
"chilipepper","CA","NWFSC WCGBTS",2003,80,2479,655,17
"chilipepper","CA","NWFSC WCGBTS",2004,71,3127,692,5
"chilipepper","CA","NWFSC WCGBTS",2005,77,3336,767,1
"chilipepper","CA","NWFSC WCGBTS",2006,58,2446,517,0
"chilipepper","CA","NWFSC WCGBTS",2007,62,2381,559,1
"chilipepper","CA","NWFSC WCGBTS",2008,75,2140,670,2
"chilipepper","CA","NWFSC WCGBTS",2009,75,1994,595,0
"chilipepper","CA","NWFSC WCGBTS",2010,100,2034,781,15
"chilipepper","CA","NWFSC WCGBTS",2011,73,1009,603,2
"chilipepper","CA","NWFSC WCGBTS",2012,92,1168,788,0
"chilipepper","CA","NWFSC WCGBTS",2013,87,1013,640,0
"chilipepper","CA","NWFSC WCGBTS",2014,114,1631,803,2
"chilipepper","CA","NWFSC WCGBTS",2015,84,895,527,0
"chilipepper","CA","NWFSC WCGBTS",2016,99,1382,684,0
"chilipepper","CA","NWFSC WCGBTS",2017,80,801,477,0
"chilipepper","CA","NWFSC WCGBTS",2018,82,902,450,29
"chilipepper","CA","NWFSC WCGBTS",2019,45,609,320,0
"chilipepper","CA","NWFSC WCGBTS",2021,112,1284,454,245
"chilipepper","CA","NWFSC WCGBTS",2022,96,1024,444,153
"chilipepper","CA","NWFSC WCGBTS",2023,86,968,476,75
"chilipepper","CA","NWFSC WCGBTS",2024,101,1121,484,181
"chilipepper","OR","NWFSC WCGBTS",2003,4,8,8,0
"chilipepper","OR","NWFSC WCGBTS",2004,8,156,51,0
"chilipepper","OR","NWFSC WCGBTS",2005,9,368,66,0
"chilipepper","OR","NWFSC WCGBTS",2006,10,228,74,0
"chilipepper","OR","NWFSC WCGBTS",2007,5,111,28,0
"chilipepper","OR","NWFSC WCGBTS",2008,5,69,28,0
"chilipepper","OR","NWFSC WCGBTS",2009,3,118,21,0
"chilipepper","OR","NWFSC WCGBTS",2010,4,55,23,0
"chilipepper","OR","NWFSC WCGBTS",2011,8,49,44,0
"chilipepper","OR","NWFSC WCGBTS",2012,8,81,43,0
"chilipepper","OR","NWFSC WCGBTS",2013,6,70,43,0
"chilipepper","OR","NWFSC WCGBTS",2014,11,98,70,0
"chilipepper","OR","NWFSC WCGBTS",2015,18,136,81,0
"chilipepper","OR","NWFSC WCGBTS",2016,12,63,36,0
"chilipepper","OR","NWFSC WCGBTS",2017,13,104,63,0
"chilipepper","OR","NWFSC WCGBTS",2018,9,74,39,1
"chilipepper","OR","NWFSC WCGBTS",2019,7,50,29,1
"chilipepper","OR","NWFSC WCGBTS",2021,15,99,46,25
"chilipepper","OR","NWFSC WCGBTS",2022,11,143,62,14
"chilipepper","OR","NWFSC WCGBTS",2023,7,55,26,4
"chilipepper","OR","NWFSC WCGBTS",2024,7,47,23,12
"chilipepper","WA","NWFSC WCGBTS",2006,1,5,5,0
"chilipepper","WA","NWFSC WCGBTS",2007,1,3,3,0
"chilipepper","WA","NWFSC WCGBTS",2010,2,2,2,0
"chilipepper","WA","NWFSC WCGBTS",2012,1,2,2,0
"chilipepper","WA","NWFSC WCGBTS",2018,3,11,11,0
"chilipepper","WA","NWFSC WCGBTS",2023,1,4,4,0
"copper rockfish","OR","NWFSC WCGBTS",2010,1,2,2,0
"copper rockfish","OR","NWFSC WCGBTS",2011,1,1,1,0
"copper rockfish","OR","NWFSC WCGBTS",2022,1,1,1,0
"cowcod","CA","NWFSC HKL",2004,4,5,5,0
"cowcod","CA","NWFSC HKL",2005,10,17,17,0
"cowcod","CA","NWFSC HKL",2006,8,10,10,0
"cowcod","CA","NWFSC HKL",2007,13,23,23,0
"cowcod","CA","NWFSC HKL",2008,12,22,21,0
"cowcod","CA","NWFSC HKL",2009,17,30,30,0
"cowcod","CA","NWFSC HKL",2010,10,21,21,0
"cowcod","CA","NWFSC HKL",2011,8,24,22,2
"cowcod","CA","NWFSC HKL",2012,15,36,35,1
"cowcod","CA","NWFSC HKL",2013,10,31,31,0
"cowcod","CA","NWFSC HKL",2014,20,30,24,1
"cowcod","CA","NWFSC HKL",2015,43,110,95,0
"cowcod","CA","NWFSC HKL",2016,27,48,46,0
"cowcod","CA","NWFSC HKL",2017,29,62,60,1
"cowcod","CA","NWFSC HKL",2018,41,100,0,101
"cowcod","CA","NWFSC HKL",2019,33,93,0,93
"cowcod","CA","NWFSC HKL",2021,38,98,0,93
"cowcod","CA","NWFSC HKL",2022,42,94,0,94
"cowcod","CA","NWFSC HKL",2023,45,98,0,98
"cowcod","CA","NWFSC HKL",2024,44,82,0,81
"cowcod","CA","NWFSC WCGBTS",2003,6,12,12,0
"cowcod","CA","NWFSC WCGBTS",2004,20,64,24,40
"cowcod","CA","NWFSC WCGBTS",2005,20,29,24,5
"cowcod","CA","NWFSC WCGBTS",2006,11,25,25,0
"cowcod","CA","NWFSC WCGBTS",2007,9,25,21,4
"cowcod","CA","NWFSC WCGBTS",2008,11,16,16,0
"cowcod","CA","NWFSC WCGBTS",2009,14,23,22,1
"cowcod","CA","NWFSC WCGBTS",2010,28,59,57,2
"cowcod","CA","NWFSC WCGBTS",2011,20,29,29,0
"cowcod","CA","NWFSC WCGBTS",2012,23,70,70,0
"cowcod","CA","NWFSC WCGBTS",2013,12,26,23,1
"cowcod","CA","NWFSC WCGBTS",2014,22,77,75,2
"cowcod","CA","NWFSC WCGBTS",2015,17,30,30,0
"cowcod","CA","NWFSC WCGBTS",2016,31,64,0,64
"cowcod","CA","NWFSC WCGBTS",2017,17,34,34,0
"cowcod","CA","NWFSC WCGBTS",2018,30,113,0,104
"cowcod","CA","NWFSC WCGBTS",2019,16,89,0,89
"cowcod","CA","NWFSC WCGBTS",2021,18,31,0,31
"cowcod","CA","NWFSC WCGBTS",2022,25,33,0,32
"cowcod","CA","NWFSC WCGBTS",2023,18,32,0,32
"cowcod","CA","NWFSC WCGBTS",2024,27,54,0,53
"cowcod","OR","NWFSC WCGBTS",2003,1,1,1,0
"cowcod","OR","NWFSC WCGBTS",2005,1,1,1,0
"cowcod","OR","NWFSC WCGBTS",2010,1,1,1,0
"cowcod","OR","NWFSC WCGBTS",2016,1,1,0,1
"cowcod","OR","NWFSC WCGBTS",2018,2,4,0,4
"cowcod","OR","NWFSC WCGBTS",2021,2,2,0,2
"cowcod","WA","NWFSC WCGBTS",2018,1,1,0,1
"cowcod","WA","NWFSC WCGBTS",2024,1,1,0,1
"darkblotched rockfish","CA","NWFSC WCGBTS",2003,33,610,203,6
"darkblotched rockfish","CA","NWFSC WCGBTS",2004,34,375,233,0
"darkblotched rockfish","CA","NWFSC WCGBTS",2005,33,506,191,0
"darkblotched rockfish","CA","NWFSC WCGBTS",2006,30,317,160,0
"darkblotched rockfish","CA","NWFSC WCGBTS",2007,30,591,208,0
"darkblotched rockfish","CA","NWFSC WCGBTS",2008,26,220,153,0
"darkblotched rockfish","CA","NWFSC WCGBTS",2009,36,691,321,0
"darkblotched rockfish","CA","NWFSC WCGBTS",2010,24,293,124,0
"darkblotched rockfish","CA","NWFSC WCGBTS",2011,28,411,195,0
"darkblotched rockfish","CA","NWFSC WCGBTS",2012,33,472,203,2
"darkblotched rockfish","CA","NWFSC WCGBTS",2013,28,454,204,2
"darkblotched rockfish","CA","NWFSC WCGBTS",2014,28,253,136,0
"darkblotched rockfish","CA","NWFSC WCGBTS",2015,30,378,169,2
"darkblotched rockfish","CA","NWFSC WCGBTS",2016,18,75,61,0
"darkblotched rockfish","CA","NWFSC WCGBTS",2017,26,360,0,149
"darkblotched rockfish","CA","NWFSC WCGBTS",2018,23,237,0,97
"darkblotched rockfish","CA","NWFSC WCGBTS",2019,17,160,0,70
"darkblotched rockfish","CA","NWFSC WCGBTS",2021,27,90,0,80
"darkblotched rockfish","CA","NWFSC WCGBTS",2022,29,282,0,139
"darkblotched rockfish","CA","NWFSC WCGBTS",2023,39,372,0,171
"darkblotched rockfish","CA","NWFSC WCGBTS",2024,33,487,0,207
"darkblotched rockfish","OR","NWFSC WCGBTS",2003,46,1006,337,18
"darkblotched rockfish","OR","NWFSC WCGBTS",2004,45,434,273,0
"darkblotched rockfish","OR","NWFSC WCGBTS",2005,52,911,391,0
"darkblotched rockfish","OR","NWFSC WCGBTS",2006,73,1063,597,1
"darkblotched rockfish","OR","NWFSC WCGBTS",2007,72,893,544,0
"darkblotched rockfish","OR","NWFSC WCGBTS",2008,59,936,436,0
"darkblotched rockfish","OR","NWFSC WCGBTS",2009,68,1217,634,0
"darkblotched rockfish","OR","NWFSC WCGBTS",2010,61,1280,575,0
"darkblotched rockfish","OR","NWFSC WCGBTS",2011,52,992,400,2
"darkblotched rockfish","OR","NWFSC WCGBTS",2012,51,1327,449,0
"darkblotched rockfish","OR","NWFSC WCGBTS",2013,48,800,367,1
"darkblotched rockfish","OR","NWFSC WCGBTS",2014,64,1019,505,0
"darkblotched rockfish","OR","NWFSC WCGBTS",2015,70,1522,607,0
"darkblotched rockfish","OR","NWFSC WCGBTS",2016,78,1458,521,0
"darkblotched rockfish","OR","NWFSC WCGBTS",2017,73,934,0,386
"darkblotched rockfish","OR","NWFSC WCGBTS",2018,60,767,0,356
"darkblotched rockfish","OR","NWFSC WCGBTS",2019,28,499,0,190
"darkblotched rockfish","OR","NWFSC WCGBTS",2021,74,882,0,417
"darkblotched rockfish","OR","NWFSC WCGBTS",2022,86,1868,0,616
"darkblotched rockfish","OR","NWFSC WCGBTS",2023,58,1431,0,477
"darkblotched rockfish","OR","NWFSC WCGBTS",2024,66,1371,0,477
"darkblotched rockfish","WA","NWFSC WCGBTS",2003,21,759,208,0
"darkblotched rockfish","WA","NWFSC WCGBTS",2004,11,253,89,0
"darkblotched rockfish","WA","NWFSC WCGBTS",2005,25,566,222,0
"darkblotched rockfish","WA","NWFSC WCGBTS",2006,27,545,183,3
"darkblotched rockfish","WA","NWFSC WCGBTS",2007,30,602,235,0
"darkblotched rockfish","WA","NWFSC WCGBTS",2008,26,491,173,0
"darkblotched rockfish","WA","NWFSC WCGBTS",2009,22,390,204,0
"darkblotched rockfish","WA","NWFSC WCGBTS",2010,32,666,213,0
"darkblotched rockfish","WA","NWFSC WCGBTS",2011,28,425,201,0
"darkblotched rockfish","WA","NWFSC WCGBTS",2012,17,399,132,0
"darkblotched rockfish","WA","NWFSC WCGBTS",2013,13,294,116,0
"darkblotched rockfish","WA","NWFSC WCGBTS",2014,22,245,126,0
"darkblotched rockfish","WA","NWFSC WCGBTS",2015,32,558,290,0
"darkblotched rockfish","WA","NWFSC WCGBTS",2016,22,564,131,1
"darkblotched rockfish","WA","NWFSC WCGBTS",2017,26,441,0,139
"darkblotched rockfish","WA","NWFSC WCGBTS",2018,22,265,0,132
"darkblotched rockfish","WA","NWFSC WCGBTS",2019,12,163,0,69
"darkblotched rockfish","WA","NWFSC WCGBTS",2021,21,146,0,125
"darkblotched rockfish","WA","NWFSC WCGBTS",2022,16,160,0,96
"darkblotched rockfish","WA","NWFSC WCGBTS",2023,32,417,0,166
"darkblotched rockfish","WA","NWFSC WCGBTS",2024,11,125,0,58
"flathead sole","CA","NWFSC WCGBTS",2005,1,1,0,0
"flathead sole","CA","NWFSC WCGBTS",2009,1,4,0,0
"flathead sole","CA","NWFSC WCGBTS",2010,5,20,0,0
"flathead sole","CA","NWFSC WCGBTS",2011,3,20,0,7
"flathead sole","CA","NWFSC WCGBTS",2014,3,27,0,27
"flathead sole","CA","NWFSC WCGBTS",2015,2,3,0,3
"flathead sole","CA","NWFSC WCGBTS",2016,1,1,0,1
"flathead sole","OR","NWFSC WCGBTS",2003,12,161,0,0
"flathead sole","OR","NWFSC WCGBTS",2004,17,144,0,0
"flathead sole","OR","NWFSC WCGBTS",2005,14,128,0,0
"flathead sole","OR","NWFSC WCGBTS",2006,26,160,0,0
"flathead sole","OR","NWFSC WCGBTS",2007,9,19,0,0
"flathead sole","OR","NWFSC WCGBTS",2008,5,10,0,0
"flathead sole","OR","NWFSC WCGBTS",2009,16,50,0,0
"flathead sole","OR","NWFSC WCGBTS",2010,25,179,0,0
"flathead sole","OR","NWFSC WCGBTS",2011,24,127,0,76
"flathead sole","OR","NWFSC WCGBTS",2012,25,122,0,69
"flathead sole","OR","NWFSC WCGBTS",2013,19,188,0,91
"flathead sole","OR","NWFSC WCGBTS",2014,40,536,0,307
"flathead sole","OR","NWFSC WCGBTS",2015,56,632,0,326
"flathead sole","OR","NWFSC WCGBTS",2016,46,688,0,321
"flathead sole","OR","NWFSC WCGBTS",2017,39,296,0,135
"flathead sole","OR","NWFSC WCGBTS",2018,37,234,0,124
"flathead sole","OR","NWFSC WCGBTS",2019,16,53,0,34
"flathead sole","OR","NWFSC WCGBTS",2021,31,121,0,80
"flathead sole","OR","NWFSC WCGBTS",2022,26,233,0,123
"flathead sole","OR","NWFSC WCGBTS",2023,33,380,0,184
"flathead sole","OR","NWFSC WCGBTS",2024,33,315,0,139
"flathead sole","WA","NWFSC WCGBTS",2003,40,1360,0,0
"flathead sole","WA","NWFSC WCGBTS",2004,25,375,0,0
"flathead sole","WA","NWFSC WCGBTS",2005,27,464,0,0
"flathead sole","WA","NWFSC WCGBTS",2006,24,261,0,0
"flathead sole","WA","NWFSC WCGBTS",2007,18,118,0,0
"flathead sole","WA","NWFSC WCGBTS",2008,20,147,0,0
"flathead sole","WA","NWFSC WCGBTS",2009,21,137,0,0
"flathead sole","WA","NWFSC WCGBTS",2010,25,207,0,0
"flathead sole","WA","NWFSC WCGBTS",2011,25,407,0,120
"flathead sole","WA","NWFSC WCGBTS",2012,24,134,0,67
"flathead sole","WA","NWFSC WCGBTS",2013,14,103,0,69
"flathead sole","WA","NWFSC WCGBTS",2014,34,417,0,185
"flathead sole","WA","NWFSC WCGBTS",2015,42,1019,0,330
"flathead sole","WA","NWFSC WCGBTS",2016,28,548,0,195
"flathead sole","WA","NWFSC WCGBTS",2017,38,377,0,126
"flathead sole","WA","NWFSC WCGBTS",2018,28,282,0,105
"flathead sole","WA","NWFSC WCGBTS",2019,14,149,0,51
"flathead sole","WA","NWFSC WCGBTS",2021,18,213,0,119
"flathead sole","WA","NWFSC WCGBTS",2022,10,60,0,42
"flathead sole","WA","NWFSC WCGBTS",2023,26,237,0,136
"flathead sole","WA","NWFSC WCGBTS",2024,16,153,0,94
"greenspotted rockfish","CA","NWFSC HKL",2004,38,223,200,0
"greenspotted rockfish","CA","NWFSC HKL",2005,45,128,0,129
"greenspotted rockfish","CA","NWFSC HKL",2006,51,210,206,6
"greenspotted rockfish","CA","NWFSC HKL",2007,45,189,0,187
"greenspotted rockfish","CA","NWFSC HKL",2008,58,234,230,2
"greenspotted rockfish","CA","NWFSC HKL",2009,59,273,0,273
"greenspotted rockfish","CA","NWFSC HKL",2010,55,208,207,0
"greenspotted rockfish","CA","NWFSC HKL",2011,47,244,0,242
"greenspotted rockfish","CA","NWFSC HKL",2012,48,223,0,222
"greenspotted rockfish","CA","NWFSC HKL",2013,52,271,0,268
"greenspotted rockfish","CA","NWFSC HKL",2014,71,449,0,446
"greenspotted rockfish","CA","NWFSC HKL",2015,74,378,0,375
"greenspotted rockfish","CA","NWFSC HKL",2016,68,274,0,268
"greenspotted rockfish","CA","NWFSC HKL",2017,75,377,0,362
"greenspotted rockfish","CA","NWFSC HKL",2018,83,381,0,372
"greenspotted rockfish","CA","NWFSC HKL",2019,78,347,0,331
"greenspotted rockfish","CA","NWFSC HKL",2021,78,403,0,384
"greenspotted rockfish","CA","NWFSC HKL",2022,86,504,0,478
"greenspotted rockfish","CA","NWFSC HKL",2023,83,407,0,375
"greenspotted rockfish","CA","NWFSC HKL",2024,81,387,0,370
"greenspotted rockfish","CA","NWFSC WCGBTS",2003,24,261,0,0
"greenspotted rockfish","CA","NWFSC WCGBTS",2004,18,428,0,192
"greenspotted rockfish","CA","NWFSC WCGBTS",2005,23,200,91,11
"greenspotted rockfish","CA","NWFSC WCGBTS",2006,32,392,0,200
"greenspotted rockfish","CA","NWFSC WCGBTS",2007,34,598,265,0
"greenspotted rockfish","CA","NWFSC WCGBTS",2008,35,520,0,221
"greenspotted rockfish","CA","NWFSC WCGBTS",2009,40,647,345,1
"greenspotted rockfish","CA","NWFSC WCGBTS",2010,27,582,0,280
"greenspotted rockfish","CA","NWFSC WCGBTS",2011,23,209,0,166
"greenspotted rockfish","CA","NWFSC WCGBTS",2012,28,380,0,214
"greenspotted rockfish","CA","NWFSC WCGBTS",2013,19,191,0,163
"greenspotted rockfish","CA","NWFSC WCGBTS",2014,25,238,0,163
"greenspotted rockfish","CA","NWFSC WCGBTS",2015,20,208,0,168
"greenspotted rockfish","CA","NWFSC WCGBTS",2016,29,840,0,405
"greenspotted rockfish","CA","NWFSC WCGBTS",2017,20,269,0,163
"greenspotted rockfish","CA","NWFSC WCGBTS",2018,29,365,0,289
"greenspotted rockfish","CA","NWFSC WCGBTS",2019,16,207,0,163
"greenspotted rockfish","CA","NWFSC WCGBTS",2021,38,265,0,242
"greenspotted rockfish","CA","NWFSC WCGBTS",2022,35,296,0,259
"greenspotted rockfish","CA","NWFSC WCGBTS",2023,25,321,0,239
"greenspotted rockfish","CA","NWFSC WCGBTS",2024,27,380,0,284
"greenspotted rockfish","OR","NWFSC WCGBTS",2003,5,107,0,0
"greenspotted rockfish","OR","NWFSC WCGBTS",2004,7,127,0,79
"greenspotted rockfish","OR","NWFSC WCGBTS",2005,7,31,0,31
"greenspotted rockfish","OR","NWFSC WCGBTS",2006,10,71,0,61
"greenspotted rockfish","OR","NWFSC WCGBTS",2007,5,51,0,38
"greenspotted rockfish","OR","NWFSC WCGBTS",2008,5,36,0,22
"greenspotted rockfish","OR","NWFSC WCGBTS",2009,6,22,0,22
"greenspotted rockfish","OR","NWFSC WCGBTS",2010,9,126,0,112
"greenspotted rockfish","OR","NWFSC WCGBTS",2011,10,57,0,57
"greenspotted rockfish","OR","NWFSC WCGBTS",2012,7,21,0,21
"greenspotted rockfish","OR","NWFSC WCGBTS",2013,6,55,0,55
"greenspotted rockfish","OR","NWFSC WCGBTS",2014,9,56,0,56
"greenspotted rockfish","OR","NWFSC WCGBTS",2015,4,38,0,38
"greenspotted rockfish","OR","NWFSC WCGBTS",2016,10,58,0,58
"greenspotted rockfish","OR","NWFSC WCGBTS",2017,6,62,0,47
"greenspotted rockfish","OR","NWFSC WCGBTS",2018,6,31,0,31
"greenspotted rockfish","OR","NWFSC WCGBTS",2021,8,89,0,78
"greenspotted rockfish","OR","NWFSC WCGBTS",2022,10,116,0,91
"greenspotted rockfish","OR","NWFSC WCGBTS",2023,3,58,0,47
"greenspotted rockfish","OR","NWFSC WCGBTS",2024,6,111,0,87
"greenspotted rockfish","WA","NWFSC WCGBTS",2003,3,3,0,0
"greenspotted rockfish","WA","NWFSC WCGBTS",2004,1,7,0,7
"greenspotted rockfish","WA","NWFSC WCGBTS",2006,2,2,0,2
"greenspotted rockfish","WA","NWFSC WCGBTS",2007,1,4,0,4
"greenspotted rockfish","WA","NWFSC WCGBTS",2008,1,1,0,1
"greenspotted rockfish","WA","NWFSC WCGBTS",2009,2,3,0,3
"greenspotted rockfish","WA","NWFSC WCGBTS",2010,1,3,0,3
"greenspotted rockfish","WA","NWFSC WCGBTS",2011,1,2,0,2
"greenspotted rockfish","WA","NWFSC WCGBTS",2014,1,1,0,1
"greenspotted rockfish","WA","NWFSC WCGBTS",2015,1,2,0,2
"greenspotted rockfish","WA","NWFSC WCGBTS",2016,1,1,0,1
"greenspotted rockfish","WA","NWFSC WCGBTS",2017,2,3,0,3
"greenspotted rockfish","WA","NWFSC WCGBTS",2018,2,3,0,3
"greenspotted rockfish","WA","NWFSC WCGBTS",2019,1,1,0,1
"greenspotted rockfish","WA","NWFSC WCGBTS",2021,1,2,0,2
"greenspotted rockfish","WA","NWFSC WCGBTS",2023,1,1,0,1
"greenspotted rockfish","WA","NWFSC WCGBTS",2024,1,1,0,1
"greenstriped rockfish","CA","NWFSC HKL",2004,6,8,0,7
"greenstriped rockfish","CA","NWFSC HKL",2005,7,8,0,8
"greenstriped rockfish","CA","NWFSC HKL",2006,8,15,0,15
"greenstriped rockfish","CA","NWFSC HKL",2007,11,19,0,19
"greenstriped rockfish","CA","NWFSC HKL",2008,12,22,0,22
"greenstriped rockfish","CA","NWFSC HKL",2009,16,26,0,24
"greenstriped rockfish","CA","NWFSC HKL",2010,15,31,0,31
"greenstriped rockfish","CA","NWFSC HKL",2011,10,19,0,17
"greenstriped rockfish","CA","NWFSC HKL",2012,13,24,0,24
"greenstriped rockfish","CA","NWFSC HKL",2013,16,27,0,27
"greenstriped rockfish","CA","NWFSC HKL",2014,28,46,0,46
"greenstriped rockfish","CA","NWFSC HKL",2015,33,66,0,65
"greenstriped rockfish","CA","NWFSC HKL",2016,23,41,0,41
"greenstriped rockfish","CA","NWFSC HKL",2017,43,111,0,111
"greenstriped rockfish","CA","NWFSC HKL",2018,44,124,0,124
"greenstriped rockfish","CA","NWFSC HKL",2019,44,99,0,93
"greenstriped rockfish","CA","NWFSC HKL",2021,59,136,0,136
"greenstriped rockfish","CA","NWFSC HKL",2022,44,117,0,117
"greenstriped rockfish","CA","NWFSC HKL",2023,59,163,0,163
"greenstriped rockfish","CA","NWFSC HKL",2024,41,78,0,77
"greenstriped rockfish","CA","NWFSC WCGBTS",2003,46,1045,209,0
"greenstriped rockfish","CA","NWFSC WCGBTS",2004,53,778,205,1
"greenstriped rockfish","CA","NWFSC WCGBTS",2005,70,1080,210,45
"greenstriped rockfish","CA","NWFSC WCGBTS",2006,68,1041,201,54
"greenstriped rockfish","CA","NWFSC WCGBTS",2007,73,850,280,0
"greenstriped rockfish","CA","NWFSC WCGBTS",2008,70,665,254,1
"greenstriped rockfish","CA","NWFSC WCGBTS",2009,77,605,0,268
"greenstriped rockfish","CA","NWFSC WCGBTS",2010,84,634,0,286
"greenstriped rockfish","CA","NWFSC WCGBTS",2011,76,500,0,214
"greenstriped rockfish","CA","NWFSC WCGBTS",2012,92,910,0,351
"greenstriped rockfish","CA","NWFSC WCGBTS",2013,64,683,0,251
"greenstriped rockfish","CA","NWFSC WCGBTS",2014,86,928,0,308
"greenstriped rockfish","CA","NWFSC WCGBTS",2015,75,824,0,287
"greenstriped rockfish","CA","NWFSC WCGBTS",2016,72,929,0,318
"greenstriped rockfish","CA","NWFSC WCGBTS",2017,61,587,0,220
"greenstriped rockfish","CA","NWFSC WCGBTS",2018,80,968,0,321
"greenstriped rockfish","CA","NWFSC WCGBTS",2019,45,584,0,180
"greenstriped rockfish","CA","NWFSC WCGBTS",2021,77,915,0,285
"greenstriped rockfish","CA","NWFSC WCGBTS",2022,66,765,0,266
"greenstriped rockfish","CA","NWFSC WCGBTS",2023,71,700,0,268
"greenstriped rockfish","CA","NWFSC WCGBTS",2024,73,876,0,296
"greenstriped rockfish","OR","NWFSC WCGBTS",2003,41,1093,214,32
"greenstriped rockfish","OR","NWFSC WCGBTS",2004,57,1373,214,5
"greenstriped rockfish","OR","NWFSC WCGBTS",2005,72,1913,246,58
"greenstriped rockfish","OR","NWFSC WCGBTS",2006,80,1671,232,74
"greenstriped rockfish","OR","NWFSC WCGBTS",2007,61,908,238,5
"greenstriped rockfish","OR","NWFSC WCGBTS",2008,52,818,202,0
"greenstriped rockfish","OR","NWFSC WCGBTS",2009,53,678,0,212
"greenstriped rockfish","OR","NWFSC WCGBTS",2010,60,929,0,251
"greenstriped rockfish","OR","NWFSC WCGBTS",2011,69,867,0,267
"greenstriped rockfish","OR","NWFSC WCGBTS",2012,59,818,0,256
"greenstriped rockfish","OR","NWFSC WCGBTS",2013,38,486,0,150
"greenstriped rockfish","OR","NWFSC WCGBTS",2014,62,866,0,243
"greenstriped rockfish","OR","NWFSC WCGBTS",2015,59,743,0,255
"greenstriped rockfish","OR","NWFSC WCGBTS",2016,67,1002,0,329
"greenstriped rockfish","OR","NWFSC WCGBTS",2017,78,954,0,310
"greenstriped rockfish","OR","NWFSC WCGBTS",2018,79,1089,0,331
"greenstriped rockfish","OR","NWFSC WCGBTS",2019,39,419,0,150
"greenstriped rockfish","OR","NWFSC WCGBTS",2021,70,825,0,264
"greenstriped rockfish","OR","NWFSC WCGBTS",2022,68,852,0,290
"greenstriped rockfish","OR","NWFSC WCGBTS",2023,48,627,0,200
"greenstriped rockfish","OR","NWFSC WCGBTS",2024,55,676,0,242
"greenstriped rockfish","WA","NWFSC WCGBTS",2003,43,1306,154,1
"greenstriped rockfish","WA","NWFSC WCGBTS",2004,27,517,104,1
"greenstriped rockfish","WA","NWFSC WCGBTS",2005,34,906,113,28
"greenstriped rockfish","WA","NWFSC WCGBTS",2006,30,418,89,27
"greenstriped rockfish","WA","NWFSC WCGBTS",2007,33,601,139,0
"greenstriped rockfish","WA","NWFSC WCGBTS",2008,28,383,110,2
"greenstriped rockfish","WA","NWFSC WCGBTS",2009,33,516,0,133
"greenstriped rockfish","WA","NWFSC WCGBTS",2010,45,759,0,210
"greenstriped rockfish","WA","NWFSC WCGBTS",2011,39,566,0,165
"greenstriped rockfish","WA","NWFSC WCGBTS",2012,33,469,0,140
"greenstriped rockfish","WA","NWFSC WCGBTS",2013,22,301,0,91
"greenstriped rockfish","WA","NWFSC WCGBTS",2014,31,409,0,126
"greenstriped rockfish","WA","NWFSC WCGBTS",2015,39,434,0,146
"greenstriped rockfish","WA","NWFSC WCGBTS",2016,25,436,0,137
"greenstriped rockfish","WA","NWFSC WCGBTS",2017,30,378,0,116
"greenstriped rockfish","WA","NWFSC WCGBTS",2018,40,440,0,139
"greenstriped rockfish","WA","NWFSC WCGBTS",2019,12,164,0,52
"greenstriped rockfish","WA","NWFSC WCGBTS",2021,18,296,0,80
"greenstriped rockfish","WA","NWFSC WCGBTS",2022,14,204,0,61
"greenstriped rockfish","WA","NWFSC WCGBTS",2023,27,390,0,125
"greenstriped rockfish","WA","NWFSC WCGBTS",2024,33,462,0,138
"kelp greenling","OR","NWFSC WCGBTS",2003,5,47,0,0
"kelp greenling","OR","NWFSC WCGBTS",2004,10,89,0,0
"kelp greenling","OR","NWFSC WCGBTS",2005,7,33,0,33
"kelp greenling","OR","NWFSC WCGBTS",2006,4,15,0,15
"kelp greenling","OR","NWFSC WCGBTS",2007,3,30,0,30
"kelp greenling","OR","NWFSC WCGBTS",2008,3,18,0,18
"kelp greenling","OR","NWFSC WCGBTS",2009,6,19,0,19
"kelp greenling","OR","NWFSC WCGBTS",2010,15,41,0,41
"kelp greenling","OR","NWFSC WCGBTS",2011,17,91,0,89
"kelp greenling","OR","NWFSC WCGBTS",2012,3,6,0,6
"kelp greenling","OR","NWFSC WCGBTS",2013,7,13,0,13
"kelp greenling","OR","NWFSC WCGBTS",2014,9,25,0,23
"kelp greenling","OR","NWFSC WCGBTS",2015,4,17,0,16
"kelp greenling","OR","NWFSC WCGBTS",2016,5,47,0,39
"kelp greenling","OR","NWFSC WCGBTS",2017,6,25,0,21
"kelp greenling","OR","NWFSC WCGBTS",2018,11,48,0,44
"kelp greenling","OR","NWFSC WCGBTS",2019,2,6,0,6
"kelp greenling","OR","NWFSC WCGBTS",2021,7,25,0,25
"kelp greenling","OR","NWFSC WCGBTS",2022,8,40,0,28
"kelp greenling","OR","NWFSC WCGBTS",2023,2,18,0,18
"kelp greenling","OR","NWFSC WCGBTS",2024,4,20,0,20
"kelp greenling","WA","NWFSC WCGBTS",2003,3,10,0,0
"kelp greenling","WA","NWFSC WCGBTS",2004,2,8,0,0
"kelp greenling","WA","NWFSC WCGBTS",2005,1,1,0,0
"kelp greenling","WA","NWFSC WCGBTS",2006,3,8,0,8
"kelp greenling","WA","NWFSC WCGBTS",2007,3,7,0,7
"kelp greenling","WA","NWFSC WCGBTS",2008,1,1,0,1
"kelp greenling","WA","NWFSC WCGBTS",2009,1,6,0,6
"kelp greenling","WA","NWFSC WCGBTS",2010,1,5,0,5
"kelp greenling","WA","NWFSC WCGBTS",2011,3,13,0,13
"kelp greenling","WA","NWFSC WCGBTS",2012,5,19,0,18
"kelp greenling","WA","NWFSC WCGBTS",2013,4,10,0,10
"kelp greenling","WA","NWFSC WCGBTS",2014,3,10,0,10
"kelp greenling","WA","NWFSC WCGBTS",2015,2,11,0,11
"kelp greenling","WA","NWFSC WCGBTS",2016,4,30,0,30
"kelp greenling","WA","NWFSC WCGBTS",2017,4,19,0,19
"kelp greenling","WA","NWFSC WCGBTS",2018,5,24,0,24
"kelp greenling","WA","NWFSC WCGBTS",2021,2,4,0,4
"kelp greenling","WA","NWFSC WCGBTS",2022,3,5,0,5
"kelp greenling","WA","NWFSC WCGBTS",2023,2,10,0,10
"kelp greenling","WA","NWFSC WCGBTS",2024,4,13,0,13
"lingcod north","CA","NWFSC WCGBTS",2003,21,213,154,1
"lingcod north","CA","NWFSC WCGBTS",2004,11,60,40,2
"lingcod north","CA","NWFSC WCGBTS",2005,23,259,135,3
"lingcod north","CA","NWFSC WCGBTS",2006,8,144,51,3
"lingcod north","CA","NWFSC WCGBTS",2007,14,108,72,1
"lingcod north","CA","NWFSC WCGBTS",2008,7,15,15,0
"lingcod north","CA","NWFSC WCGBTS",2009,22,143,45,42
"lingcod north","CA","NWFSC WCGBTS",2010,18,53,28,25
"lingcod north","CA","NWFSC WCGBTS",2011,22,82,34,31
"lingcod north","CA","NWFSC WCGBTS",2012,22,114,29,41
"lingcod north","CA","NWFSC WCGBTS",2013,18,131,43,25
"lingcod north","CA","NWFSC WCGBTS",2014,22,247,38,40
"lingcod north","CA","NWFSC WCGBTS",2015,22,188,37,34
"lingcod north","CA","NWFSC WCGBTS",2016,20,144,40,26
"lingcod north","CA","NWFSC WCGBTS",2017,26,170,0,85
"lingcod north","CA","NWFSC WCGBTS",2018,20,94,17,48
"lingcod north","CA","NWFSC WCGBTS",2019,5,9,2,7
"lingcod north","CA","NWFSC WCGBTS",2021,16,57,0,49
"lingcod north","CA","NWFSC WCGBTS",2022,14,43,0,32
"lingcod north","CA","NWFSC WCGBTS",2023,18,99,0,42
"lingcod north","CA","NWFSC WCGBTS",2024,21,150,0,60
"lingcod north","OR","NWFSC WCGBTS",2003,48,350,208,2
"lingcod north","OR","NWFSC WCGBTS",2004,59,453,310,8
"lingcod north","OR","NWFSC WCGBTS",2005,72,411,345,6
"lingcod north","OR","NWFSC WCGBTS",2006,81,474,319,7
"lingcod north","OR","NWFSC WCGBTS",2007,75,253,194,41
"lingcod north","OR","NWFSC WCGBTS",2008,71,348,264,3
"lingcod north","OR","NWFSC WCGBTS",2009,66,272,117,119
"lingcod north","OR","NWFSC WCGBTS",2010,76,440,128,137
"lingcod north","OR","NWFSC WCGBTS",2011,83,655,162,187
"lingcod north","OR","NWFSC WCGBTS",2012,80,541,131,112
"lingcod north","OR","NWFSC WCGBTS",2013,67,362,128,80
"lingcod north","OR","NWFSC WCGBTS",2014,86,625,113,161
"lingcod north","OR","NWFSC WCGBTS",2015,67,413,110,81
"lingcod north","OR","NWFSC WCGBTS",2016,89,714,128,129
"lingcod north","OR","NWFSC WCGBTS",2017,95,554,0,268
"lingcod north","OR","NWFSC WCGBTS",2018,75,475,62,151
"lingcod north","OR","NWFSC WCGBTS",2019,47,203,63,114
"lingcod north","OR","NWFSC WCGBTS",2021,82,649,0,272
"lingcod north","OR","NWFSC WCGBTS",2022,75,452,0,212
"lingcod north","OR","NWFSC WCGBTS",2023,64,348,0,153
"lingcod north","OR","NWFSC WCGBTS",2024,90,527,0,281
"lingcod north","WA","NWFSC WCGBTS",2003,42,319,206,5
"lingcod north","WA","NWFSC WCGBTS",2004,29,114,109,3
"lingcod north","WA","NWFSC WCGBTS",2005,26,100,99,1
"lingcod north","WA","NWFSC WCGBTS",2006,37,164,151,1
"lingcod north","WA","NWFSC WCGBTS",2007,41,196,132,27
"lingcod north","WA","NWFSC WCGBTS",2008,41,190,167,1
"lingcod north","WA","NWFSC WCGBTS",2009,37,160,73,85
"lingcod north","WA","NWFSC WCGBTS",2010,51,628,133,119
"lingcod north","WA","NWFSC WCGBTS",2011,56,488,112,109
"lingcod north","WA","NWFSC WCGBTS",2012,41,398,65,66
"lingcod north","WA","NWFSC WCGBTS",2013,32,190,80,21
"lingcod north","WA","NWFSC WCGBTS",2014,42,567,70,49
"lingcod north","WA","NWFSC WCGBTS",2015,49,344,95,55
"lingcod north","WA","NWFSC WCGBTS",2016,33,145,36,49
"lingcod north","WA","NWFSC WCGBTS",2017,35,246,0,90
"lingcod north","WA","NWFSC WCGBTS",2018,29,227,26,82
"lingcod north","WA","NWFSC WCGBTS",2019,27,144,28,68
"lingcod north","WA","NWFSC WCGBTS",2021,40,404,0,136
"lingcod north","WA","NWFSC WCGBTS",2022,28,323,0,90
"lingcod north","WA","NWFSC WCGBTS",2023,48,556,0,139
"lingcod north","WA","NWFSC WCGBTS",2024,49,781,0,149
"lingcod south","CA","NWFSC WCGBTS",2003,73,436,295,9
"lingcod south","CA","NWFSC WCGBTS",2004,71,740,368,12
"lingcod south","CA","NWFSC WCGBTS",2005,76,328,261,15
"lingcod south","CA","NWFSC WCGBTS",2006,44,193,161,3
"lingcod south","CA","NWFSC WCGBTS",2007,39,88,85,0
"lingcod south","CA","NWFSC WCGBTS",2008,72,610,395,15
"lingcod south","CA","NWFSC WCGBTS",2009,95,527,245,236
"lingcod south","CA","NWFSC WCGBTS",2010,89,799,225,229
"lingcod south","CA","NWFSC WCGBTS",2011,105,628,211,199
"lingcod south","CA","NWFSC WCGBTS",2012,105,1127,181,196
"lingcod south","CA","NWFSC WCGBTS",2013,71,639,112,133
"lingcod south","CA","NWFSC WCGBTS",2014,112,1446,254,186
"lingcod south","CA","NWFSC WCGBTS",2015,106,886,193,151
"lingcod south","CA","NWFSC WCGBTS",2016,88,750,162,155
"lingcod south","CA","NWFSC WCGBTS",2017,93,639,286,30
"lingcod south","CA","NWFSC WCGBTS",2018,101,759,295,38
"lingcod south","CA","NWFSC WCGBTS",2019,45,196,141,20
"lingcod south","CA","NWFSC WCGBTS",2021,87,365,0,244
"lingcod south","CA","NWFSC WCGBTS",2022,65,247,0,223
"lingcod south","CA","NWFSC WCGBTS",2023,58,255,0,173
"lingcod south","CA","NWFSC WCGBTS",2024,59,263,0,224
"longnose skate","CA","NWFSC WCGBTS",2003,142,1435,0,0
"longnose skate","CA","NWFSC WCGBTS",2004,137,1623,0,0
"longnose skate","CA","NWFSC WCGBTS",2005,196,2130,0,0
"longnose skate","CA","NWFSC WCGBTS",2006,181,0,0,0
"longnose skate","CA","NWFSC WCGBTS",2007,189,305,0,0
"longnose skate","CA","NWFSC WCGBTS",2008,209,1909,0,0
"longnose skate","CA","NWFSC WCGBTS",2009,183,1772,0,0
"longnose skate","CA","NWFSC WCGBTS",2010,216,1962,0,0
"longnose skate","CA","NWFSC WCGBTS",2011,207,1650,170,46
"longnose skate","CA","NWFSC WCGBTS",2012,223,2105,166,30
"longnose skate","CA","NWFSC WCGBTS",2013,143,1378,0,0
"longnose skate","CA","NWFSC WCGBTS",2014,224,2209,0,0
"longnose skate","CA","NWFSC WCGBTS",2015,220,2288,0,0
"longnose skate","CA","NWFSC WCGBTS",2016,213,2064,0,207
"longnose skate","CA","NWFSC WCGBTS",2017,214,2074,0,226
"longnose skate","CA","NWFSC WCGBTS",2018,227,2210,0,226
"longnose skate","CA","NWFSC WCGBTS",2019,119,807,0,117
"longnose skate","CA","NWFSC WCGBTS",2021,208,1831,0,205
"longnose skate","CA","NWFSC WCGBTS",2022,209,1800,0,0
"longnose skate","CA","NWFSC WCGBTS",2023,208,1721,0,0
"longnose skate","CA","NWFSC WCGBTS",2024,176,1247,0,172
"longnose skate","OR","NWFSC WCGBTS",2003,84,680,0,0
"longnose skate","OR","NWFSC WCGBTS",2004,94,746,0,0
"longnose skate","OR","NWFSC WCGBTS",2005,133,760,0,0
"longnose skate","OR","NWFSC WCGBTS",2006,152,0,0,0
"longnose skate","OR","NWFSC WCGBTS",2007,153,374,0,0
"longnose skate","OR","NWFSC WCGBTS",2008,129,961,0,0
"longnose skate","OR","NWFSC WCGBTS",2009,115,786,0,0
"longnose skate","OR","NWFSC WCGBTS",2010,120,826,0,0
"longnose skate","OR","NWFSC WCGBTS",2011,141,797,111,27
"longnose skate","OR","NWFSC WCGBTS",2012,144,1082,116,4
"longnose skate","OR","NWFSC WCGBTS",2013,103,806,0,0
"longnose skate","OR","NWFSC WCGBTS",2014,133,1031,0,0
"longnose skate","OR","NWFSC WCGBTS",2015,137,1101,0,0
"longnose skate","OR","NWFSC WCGBTS",2016,168,1469,0,168
"longnose skate","OR","NWFSC WCGBTS",2017,162,1178,0,155
"longnose skate","OR","NWFSC WCGBTS",2018,146,987,0,144
"longnose skate","OR","NWFSC WCGBTS",2019,67,567,0,66
"longnose skate","OR","NWFSC WCGBTS",2021,143,926,0,142
"longnose skate","OR","NWFSC WCGBTS",2022,142,1040,0,1
"longnose skate","OR","NWFSC WCGBTS",2023,132,1035,0,0
"longnose skate","OR","NWFSC WCGBTS",2024,145,947,0,143
"longnose skate","WA","NWFSC WCGBTS",2003,63,540,0,0
"longnose skate","WA","NWFSC WCGBTS",2004,43,241,0,0
"longnose skate","WA","NWFSC WCGBTS",2005,54,385,0,0
"longnose skate","WA","NWFSC WCGBTS",2006,49,0,0,0
"longnose skate","WA","NWFSC WCGBTS",2007,71,182,0,0
"longnose skate","WA","NWFSC WCGBTS",2008,57,513,0,0
"longnose skate","WA","NWFSC WCGBTS",2009,66,558,0,0
"longnose skate","WA","NWFSC WCGBTS",2010,72,674,0,0
"longnose skate","WA","NWFSC WCGBTS",2011,75,544,40,31
"longnose skate","WA","NWFSC WCGBTS",2012,58,435,44,6
"longnose skate","WA","NWFSC WCGBTS",2013,50,306,0,0
"longnose skate","WA","NWFSC WCGBTS",2014,63,468,0,0
"longnose skate","WA","NWFSC WCGBTS",2015,72,678,0,0
"longnose skate","WA","NWFSC WCGBTS",2016,47,471,0,45
"longnose skate","WA","NWFSC WCGBTS",2017,61,438,0,61
"longnose skate","WA","NWFSC WCGBTS",2018,54,414,0,52
"longnose skate","WA","NWFSC WCGBTS",2019,37,281,0,37
"longnose skate","WA","NWFSC WCGBTS",2021,56,485,0,56
"longnose skate","WA","NWFSC WCGBTS",2022,37,261,0,0
"longnose skate","WA","NWFSC WCGBTS",2023,70,520,0,0
"longnose skate","WA","NWFSC WCGBTS",2024,60,464,0,59
"longspine thornyhead","CA","NWFSC WCGBTS",2003,92,8087,0,452
"longspine thornyhead","CA","NWFSC WCGBTS",2004,91,6896,0,441
"longspine thornyhead","CA","NWFSC WCGBTS",2005,137,7486,0,664
"longspine thornyhead","CA","NWFSC WCGBTS",2006,153,5518,0,597
"longspine thornyhead","CA","NWFSC WCGBTS",2007,148,3640,0,582
"longspine thornyhead","CA","NWFSC WCGBTS",2008,169,2296,0,651
"longspine thornyhead","CA","NWFSC WCGBTS",2009,157,1862,0,624
"longspine thornyhead","CA","NWFSC WCGBTS",2010,183,2016,0,715
"longspine thornyhead","CA","NWFSC WCGBTS",2011,148,3123,0,581
"longspine thornyhead","CA","NWFSC WCGBTS",2012,149,2920,0,588
"longspine thornyhead","CA","NWFSC WCGBTS",2013,100,2045,0,380
"longspine thornyhead","CA","NWFSC WCGBTS",2014,145,3011,0,557
"longspine thornyhead","CA","NWFSC WCGBTS",2015,163,3360,0,640
"longspine thornyhead","CA","NWFSC WCGBTS",2016,156,3161,0,320
"longspine thornyhead","CA","NWFSC WCGBTS",2017,153,3069,0,315
"longspine thornyhead","CA","NWFSC WCGBTS",2018,166,3250,0,332
"longspine thornyhead","CA","NWFSC WCGBTS",2019,69,1256,0,134
"longspine thornyhead","CA","NWFSC WCGBTS",2021,137,2695,0,270
"longspine thornyhead","CA","NWFSC WCGBTS",2022,128,2430,0,249
"longspine thornyhead","CA","NWFSC WCGBTS",2023,130,2527,0,261
"longspine thornyhead","CA","NWFSC WCGBTS",2024,127,2570,0,254
"longspine thornyhead","OR","NWFSC WCGBTS",2003,64,4989,0,311
"longspine thornyhead","OR","NWFSC WCGBTS",2004,46,3600,0,231
"longspine thornyhead","OR","NWFSC WCGBTS",2005,66,4175,0,320
"longspine thornyhead","OR","NWFSC WCGBTS",2006,61,2487,0,240
"longspine thornyhead","OR","NWFSC WCGBTS",2007,70,1793,0,253
"longspine thornyhead","OR","NWFSC WCGBTS",2008,65,952,0,234
"longspine thornyhead","OR","NWFSC WCGBTS",2009,63,950,0,244
"longspine thornyhead","OR","NWFSC WCGBTS",2010,60,772,0,236
"longspine thornyhead","OR","NWFSC WCGBTS",2011,74,1425,0,296
"longspine thornyhead","OR","NWFSC WCGBTS",2012,57,1045,0,219
"longspine thornyhead","OR","NWFSC WCGBTS",2013,39,755,0,151
"longspine thornyhead","OR","NWFSC WCGBTS",2014,65,1217,0,250
"longspine thornyhead","OR","NWFSC WCGBTS",2015,64,1255,0,236
"longspine thornyhead","OR","NWFSC WCGBTS",2016,69,1297,0,157
"longspine thornyhead","OR","NWFSC WCGBTS",2017,60,1095,0,117
"longspine thornyhead","OR","NWFSC WCGBTS",2018,58,1155,0,116
"longspine thornyhead","OR","NWFSC WCGBTS",2019,25,440,0,50
"longspine thornyhead","OR","NWFSC WCGBTS",2021,63,1175,0,126
"longspine thornyhead","OR","NWFSC WCGBTS",2022,57,1089,0,112
"longspine thornyhead","OR","NWFSC WCGBTS",2023,46,922,0,93
"longspine thornyhead","OR","NWFSC WCGBTS",2024,61,1220,0,119
"longspine thornyhead","WA","NWFSC WCGBTS",2003,39,2399,0,192
"longspine thornyhead","WA","NWFSC WCGBTS",2004,13,627,0,65
"longspine thornyhead","WA","NWFSC WCGBTS",2005,25,1869,0,119
"longspine thornyhead","WA","NWFSC WCGBTS",2006,23,1076,0,93
"longspine thornyhead","WA","NWFSC WCGBTS",2007,32,765,0,123
"longspine thornyhead","WA","NWFSC WCGBTS",2008,27,387,0,104
"longspine thornyhead","WA","NWFSC WCGBTS",2009,22,298,0,88
"longspine thornyhead","WA","NWFSC WCGBTS",2010,21,294,0,81
"longspine thornyhead","WA","NWFSC WCGBTS",2011,32,640,0,125
"longspine thornyhead","WA","NWFSC WCGBTS",2012,42,995,0,173
"longspine thornyhead","WA","NWFSC WCGBTS",2013,23,485,0,90
"longspine thornyhead","WA","NWFSC WCGBTS",2014,27,623,0,109
"longspine thornyhead","WA","NWFSC WCGBTS",2015,10,204,0,40
"longspine thornyhead","WA","NWFSC WCGBTS",2016,20,405,0,52
"longspine thornyhead","WA","NWFSC WCGBTS",2017,21,424,0,42
"longspine thornyhead","WA","NWFSC WCGBTS",2018,23,451,0,45
"longspine thornyhead","WA","NWFSC WCGBTS",2019,17,258,0,35
"longspine thornyhead","WA","NWFSC WCGBTS",2021,26,506,0,51
"longspine thornyhead","WA","NWFSC WCGBTS",2022,13,270,0,24
"longspine thornyhead","WA","NWFSC WCGBTS",2023,35,757,0,70
"longspine thornyhead","WA","NWFSC WCGBTS",2024,27,537,0,56
"petrale sole","CA","NWFSC HKL",2014,1,1,0,0
"petrale sole","CA","NWFSC HKL",2019,1,1,0,0
"petrale sole","CA","NWFSC HKL",2024,1,2,0,0
"petrale sole","CA","NWFSC WCGBTS",2003,87,1393,452,288
"petrale sole","CA","NWFSC WCGBTS",2004,94,1712,341,519
"petrale sole","CA","NWFSC WCGBTS",2005,125,2112,422,368
"petrale sole","CA","NWFSC WCGBTS",2006,102,1621,371,14
"petrale sole","CA","NWFSC WCGBTS",2007,104,1437,377,12
"petrale sole","CA","NWFSC WCGBTS",2008,112,1519,336,87
"petrale sole","CA","NWFSC WCGBTS",2009,142,1695,435,87
"petrale sole","CA","NWFSC WCGBTS",2010,159,2549,449,202
"petrale sole","CA","NWFSC WCGBTS",2011,155,2759,442,192
"petrale sole","CA","NWFSC WCGBTS",2012,144,2481,420,195
"petrale sole","CA","NWFSC WCGBTS",2013,93,1463,350,1
"petrale sole","CA","NWFSC WCGBTS",2014,147,2034,394,133
"petrale sole","CA","NWFSC WCGBTS",2015,138,1799,404,107
"petrale sole","CA","NWFSC WCGBTS",2016,137,1801,380,13
"petrale sole","CA","NWFSC WCGBTS",2017,130,1718,355,0
"petrale sole","CA","NWFSC WCGBTS",2018,133,1595,355,1
"petrale sole","CA","NWFSC WCGBTS",2019,58,658,220,0
"petrale sole","CA","NWFSC WCGBTS",2021,126,1503,336,189
"petrale sole","CA","NWFSC WCGBTS",2022,121,1263,326,4
"petrale sole","CA","NWFSC WCGBTS",2023,113,1262,0,292
"petrale sole","CA","NWFSC WCGBTS",2024,118,1303,0,312
"petrale sole","OR","NWFSC WCGBTS",2003,55,592,134,223
"petrale sole","OR","NWFSC WCGBTS",2004,73,1042,210,398
"petrale sole","OR","NWFSC WCGBTS",2005,109,1990,243,514
"petrale sole","OR","NWFSC WCGBTS",2006,100,1524,283,133
"petrale sole","OR","NWFSC WCGBTS",2007,100,1506,215,175
"petrale sole","OR","NWFSC WCGBTS",2008,95,1088,263,147
"petrale sole","OR","NWFSC WCGBTS",2009,85,1091,219,136
"petrale sole","OR","NWFSC WCGBTS",2010,100,2362,204,244
"petrale sole","OR","NWFSC WCGBTS",2011,99,1922,218,214
"petrale sole","OR","NWFSC WCGBTS",2012,98,2053,237,216
"petrale sole","OR","NWFSC WCGBTS",2013,79,1223,296,0
"petrale sole","OR","NWFSC WCGBTS",2014,115,1787,232,215
"petrale sole","OR","NWFSC WCGBTS",2015,105,1518,207,182
"petrale sole","OR","NWFSC WCGBTS",2016,119,1891,355,5
"petrale sole","OR","NWFSC WCGBTS",2017,128,1853,359,4
"petrale sole","OR","NWFSC WCGBTS",2018,106,1502,301,3
"petrale sole","OR","NWFSC WCGBTS",2019,58,650,232,1
"petrale sole","OR","NWFSC WCGBTS",2021,114,1562,309,181
"petrale sole","OR","NWFSC WCGBTS",2022,118,1691,340,3
"petrale sole","OR","NWFSC WCGBTS",2023,102,1406,0,291
"petrale sole","OR","NWFSC WCGBTS",2024,111,1322,0,304
"petrale sole","WA","NWFSC WCGBTS",2003,54,846,175,322
"petrale sole","WA","NWFSC WCGBTS",2004,45,589,173,212
"petrale sole","WA","NWFSC WCGBTS",2005,44,453,87,211
"petrale sole","WA","NWFSC WCGBTS",2006,42,455,106,53
"petrale sole","WA","NWFSC WCGBTS",2007,53,466,98,102
"petrale sole","WA","NWFSC WCGBTS",2008,51,454,151,46
"petrale sole","WA","NWFSC WCGBTS",2009,49,600,122,60
"petrale sole","WA","NWFSC WCGBTS",2010,65,1134,145,145
"petrale sole","WA","NWFSC WCGBTS",2011,66,1495,139,155
"petrale sole","WA","NWFSC WCGBTS",2012,51,790,113,96
"petrale sole","WA","NWFSC WCGBTS",2013,45,735,193,0
"petrale sole","WA","NWFSC WCGBTS",2014,69,973,136,124
"petrale sole","WA","NWFSC WCGBTS",2015,68,911,136,117
"petrale sole","WA","NWFSC WCGBTS",2016,53,693,158,5
"petrale sole","WA","NWFSC WCGBTS",2017,56,674,171,0
"petrale sole","WA","NWFSC WCGBTS",2018,53,687,155,2
"petrale sole","WA","NWFSC WCGBTS",2019,39,489,169,2
"petrale sole","WA","NWFSC WCGBTS",2021,52,704,153,75
"petrale sole","WA","NWFSC WCGBTS",2022,34,463,96,0
"petrale sole","WA","NWFSC WCGBTS",2023,65,1010,0,203
"petrale sole","WA","NWFSC WCGBTS",2024,60,728,0,159
"quillback rockfish","OR","NWFSC WCGBTS",2003,1,2,0,0
"quillback rockfish","OR","NWFSC WCGBTS",2006,1,2,2,0
"quillback rockfish","OR","NWFSC WCGBTS",2007,1,1,1,0
"quillback rockfish","OR","NWFSC WCGBTS",2008,3,37,22,0
"quillback rockfish","OR","NWFSC WCGBTS",2009,2,3,3,0
"quillback rockfish","OR","NWFSC WCGBTS",2010,1,1,1,0
"quillback rockfish","OR","NWFSC WCGBTS",2011,4,6,6,0
"quillback rockfish","OR","NWFSC WCGBTS",2013,1,1,1,0
"quillback rockfish","OR","NWFSC WCGBTS",2014,2,4,3,1
"quillback rockfish","OR","NWFSC WCGBTS",2015,3,5,5,0
"quillback rockfish","OR","NWFSC WCGBTS",2016,3,8,8,0
"quillback rockfish","OR","NWFSC WCGBTS",2017,1,3,3,0
"quillback rockfish","OR","NWFSC WCGBTS",2018,6,16,16,0
"quillback rockfish","OR","NWFSC WCGBTS",2019,2,11,11,0
"quillback rockfish","OR","NWFSC WCGBTS",2021,4,8,0,8
"quillback rockfish","OR","NWFSC WCGBTS",2022,2,8,0,8
"quillback rockfish","OR","NWFSC WCGBTS",2023,2,3,0,3
"quillback rockfish","OR","NWFSC WCGBTS",2024,2,5,5,0
"quillback rockfish","WA","NWFSC WCGBTS",2003,1,1,0,0
"quillback rockfish","WA","NWFSC WCGBTS",2005,2,2,2,0
"quillback rockfish","WA","NWFSC WCGBTS",2006,1,1,1,0
"quillback rockfish","WA","NWFSC WCGBTS",2010,1,1,1,0
"quillback rockfish","WA","NWFSC WCGBTS",2012,4,46,26,0
"quillback rockfish","WA","NWFSC WCGBTS",2014,5,17,17,0
"quillback rockfish","WA","NWFSC WCGBTS",2015,3,3,3,0
"quillback rockfish","WA","NWFSC WCGBTS",2016,1,1,1,0
"quillback rockfish","WA","NWFSC WCGBTS",2017,3,9,9,0
"quillback rockfish","WA","NWFSC WCGBTS",2018,2,5,5,0
"quillback rockfish","WA","NWFSC WCGBTS",2019,1,5,5,0
"quillback rockfish","WA","NWFSC WCGBTS",2021,2,4,0,4
"quillback rockfish","WA","NWFSC WCGBTS",2022,2,5,0,5
"quillback rockfish","WA","NWFSC WCGBTS",2024,3,5,5,0
"redbanded rockfish","CA","NWFSC WCGBTS",2003,19,51,0,33
"redbanded rockfish","CA","NWFSC WCGBTS",2004,10,26,0,26
"redbanded rockfish","CA","NWFSC WCGBTS",2005,13,44,0,44
"redbanded rockfish","CA","NWFSC WCGBTS",2006,12,46,0,39
"redbanded rockfish","CA","NWFSC WCGBTS",2007,12,30,0,30
"redbanded rockfish","CA","NWFSC WCGBTS",2008,15,26,0,26
"redbanded rockfish","CA","NWFSC WCGBTS",2009,14,24,0,24
"redbanded rockfish","CA","NWFSC WCGBTS",2010,4,35,0,35
"redbanded rockfish","CA","NWFSC WCGBTS",2011,10,22,0,22
"redbanded rockfish","CA","NWFSC WCGBTS",2012,16,43,0,43
"redbanded rockfish","CA","NWFSC WCGBTS",2013,12,73,0,73
"redbanded rockfish","CA","NWFSC WCGBTS",2014,17,75,0,75
"redbanded rockfish","CA","NWFSC WCGBTS",2015,12,36,0,36
"redbanded rockfish","CA","NWFSC WCGBTS",2016,10,29,0,29
"redbanded rockfish","CA","NWFSC WCGBTS",2017,21,80,0,80
"redbanded rockfish","CA","NWFSC WCGBTS",2018,16,57,0,57
"redbanded rockfish","CA","NWFSC WCGBTS",2019,6,46,0,39
"redbanded rockfish","CA","NWFSC WCGBTS",2021,21,78,0,78
"redbanded rockfish","CA","NWFSC WCGBTS",2022,19,57,0,57
"redbanded rockfish","CA","NWFSC WCGBTS",2023,18,87,0,87
"redbanded rockfish","CA","NWFSC WCGBTS",2024,16,49,0,49
"redbanded rockfish","OR","NWFSC WCGBTS",2003,28,106,0,54
"redbanded rockfish","OR","NWFSC WCGBTS",2004,21,75,0,75
"redbanded rockfish","OR","NWFSC WCGBTS",2005,31,103,0,103
"redbanded rockfish","OR","NWFSC WCGBTS",2006,29,91,0,91
"redbanded rockfish","OR","NWFSC WCGBTS",2007,27,90,0,90
"redbanded rockfish","OR","NWFSC WCGBTS",2008,25,70,0,70
"redbanded rockfish","OR","NWFSC WCGBTS",2009,30,93,0,93
"redbanded rockfish","OR","NWFSC WCGBTS",2010,22,79,0,79
"redbanded rockfish","OR","NWFSC WCGBTS",2011,29,96,0,96
"redbanded rockfish","OR","NWFSC WCGBTS",2012,32,70,0,70
"redbanded rockfish","OR","NWFSC WCGBTS",2013,28,83,0,83
"redbanded rockfish","OR","NWFSC WCGBTS",2014,25,62,0,62
"redbanded rockfish","OR","NWFSC WCGBTS",2015,28,105,0,105
"redbanded rockfish","OR","NWFSC WCGBTS",2016,30,62,0,62
"redbanded rockfish","OR","NWFSC WCGBTS",2017,34,144,0,142
"redbanded rockfish","OR","NWFSC WCGBTS",2018,27,176,0,139
"redbanded rockfish","OR","NWFSC WCGBTS",2019,16,44,0,44
"redbanded rockfish","OR","NWFSC WCGBTS",2021,33,82,0,82
"redbanded rockfish","OR","NWFSC WCGBTS",2022,29,98,0,98
"redbanded rockfish","OR","NWFSC WCGBTS",2023,22,77,0,77
"redbanded rockfish","OR","NWFSC WCGBTS",2024,34,131,0,131
"redbanded rockfish","WA","NWFSC WCGBTS",2003,15,115,0,92
"redbanded rockfish","WA","NWFSC WCGBTS",2004,5,57,0,43
"redbanded rockfish","WA","NWFSC WCGBTS",2005,10,24,0,24
"redbanded rockfish","WA","NWFSC WCGBTS",2006,7,15,0,15
"redbanded rockfish","WA","NWFSC WCGBTS",2007,13,58,0,58
"redbanded rockfish","WA","NWFSC WCGBTS",2008,12,50,0,50
"redbanded rockfish","WA","NWFSC WCGBTS",2009,9,25,0,25
"redbanded rockfish","WA","NWFSC WCGBTS",2010,11,53,0,53
"redbanded rockfish","WA","NWFSC WCGBTS",2011,13,93,0,85
"redbanded rockfish","WA","NWFSC WCGBTS",2012,13,36,0,36
"redbanded rockfish","WA","NWFSC WCGBTS",2013,9,33,0,33
"redbanded rockfish","WA","NWFSC WCGBTS",2014,16,86,0,66
"redbanded rockfish","WA","NWFSC WCGBTS",2015,14,47,0,47
"redbanded rockfish","WA","NWFSC WCGBTS",2016,8,23,0,23
"redbanded rockfish","WA","NWFSC WCGBTS",2017,13,46,0,46
"redbanded rockfish","WA","NWFSC WCGBTS",2018,10,40,0,40
"redbanded rockfish","WA","NWFSC WCGBTS",2019,8,26,0,26
"redbanded rockfish","WA","NWFSC WCGBTS",2021,17,66,0,66
"redbanded rockfish","WA","NWFSC WCGBTS",2022,11,24,0,24
"redbanded rockfish","WA","NWFSC WCGBTS",2023,15,145,0,137
"redbanded rockfish","WA","NWFSC WCGBTS",2024,12,29,0,29
"redstripe rockfish","CA","NWFSC WCGBTS",2003,4,18,0,18
"redstripe rockfish","CA","NWFSC WCGBTS",2005,2,10,0,10
"redstripe rockfish","CA","NWFSC WCGBTS",2007,1,101,0,25
"redstripe rockfish","CA","NWFSC WCGBTS",2008,4,21,0,21
"redstripe rockfish","CA","NWFSC WCGBTS",2009,1,8,0,8
"redstripe rockfish","CA","NWFSC WCGBTS",2011,1,4,0,4
"redstripe rockfish","CA","NWFSC WCGBTS",2016,1,105,0,50
"redstripe rockfish","CA","NWFSC WCGBTS",2017,2,13,0,13
"redstripe rockfish","CA","NWFSC WCGBTS",2021,1,68,0,50
"redstripe rockfish","OR","NWFSC WCGBTS",2003,8,707,0,113
"redstripe rockfish","OR","NWFSC WCGBTS",2004,12,402,0,124
"redstripe rockfish","OR","NWFSC WCGBTS",2005,11,159,0,68
"redstripe rockfish","OR","NWFSC WCGBTS",2006,12,303,0,78
"redstripe rockfish","OR","NWFSC WCGBTS",2007,4,121,0,38
"redstripe rockfish","OR","NWFSC WCGBTS",2008,6,187,0,58
"redstripe rockfish","OR","NWFSC WCGBTS",2009,8,87,0,81
"redstripe rockfish","OR","NWFSC WCGBTS",2010,5,24,0,24
"redstripe rockfish","OR","NWFSC WCGBTS",2011,11,423,0,204
"redstripe rockfish","OR","NWFSC WCGBTS",2012,3,7,0,7
"redstripe rockfish","OR","NWFSC WCGBTS",2013,8,292,0,157
"redstripe rockfish","OR","NWFSC WCGBTS",2014,8,290,0,204
"redstripe rockfish","OR","NWFSC WCGBTS",2015,8,180,0,98
"redstripe rockfish","OR","NWFSC WCGBTS",2016,7,222,0,108
"redstripe rockfish","OR","NWFSC WCGBTS",2017,8,246,0,130
"redstripe rockfish","OR","NWFSC WCGBTS",2018,6,148,0,98
"redstripe rockfish","OR","NWFSC WCGBTS",2019,3,160,0,115
"redstripe rockfish","OR","NWFSC WCGBTS",2021,5,53,0,53
"redstripe rockfish","OR","NWFSC WCGBTS",2022,8,26,0,26
"redstripe rockfish","OR","NWFSC WCGBTS",2023,3,117,0,67
"redstripe rockfish","OR","NWFSC WCGBTS",2024,5,41,0,41
"redstripe rockfish","WA","NWFSC WCGBTS",2003,12,343,0,115
"redstripe rockfish","WA","NWFSC WCGBTS",2004,3,125,0,55
"redstripe rockfish","WA","NWFSC WCGBTS",2005,4,71,0,35
"redstripe rockfish","WA","NWFSC WCGBTS",2006,4,204,0,53
"redstripe rockfish","WA","NWFSC WCGBTS",2007,4,134,0,39
"redstripe rockfish","WA","NWFSC WCGBTS",2008,3,125,0,52
"redstripe rockfish","WA","NWFSC WCGBTS",2009,5,312,0,176
"redstripe rockfish","WA","NWFSC WCGBTS",2010,6,37,0,37
"redstripe rockfish","WA","NWFSC WCGBTS",2011,2,170,0,87
"redstripe rockfish","WA","NWFSC WCGBTS",2012,6,217,0,106
"redstripe rockfish","WA","NWFSC WCGBTS",2013,2,116,0,53
"redstripe rockfish","WA","NWFSC WCGBTS",2014,6,215,0,110
"redstripe rockfish","WA","NWFSC WCGBTS",2015,7,125,0,49
"redstripe rockfish","WA","NWFSC WCGBTS",2016,9,320,0,166
"redstripe rockfish","WA","NWFSC WCGBTS",2017,6,58,0,58
"redstripe rockfish","WA","NWFSC WCGBTS",2018,4,111,0,92
"redstripe rockfish","WA","NWFSC WCGBTS",2019,2,8,0,8
"redstripe rockfish","WA","NWFSC WCGBTS",2021,2,189,0,104
"redstripe rockfish","WA","NWFSC WCGBTS",2022,5,187,0,110
"redstripe rockfish","WA","NWFSC WCGBTS",2023,3,116,0,75
"redstripe rockfish","WA","NWFSC WCGBTS",2024,3,93,0,66
"rex sole","CA","NWFSC WCGBTS",2003,83,4518,0,0
"rex sole","CA","NWFSC WCGBTS",2004,135,5378,0,0
"rex sole","CA","NWFSC WCGBTS",2005,195,6015,0,0
"rex sole","CA","NWFSC WCGBTS",2006,174,4069,0,0
"rex sole","CA","NWFSC WCGBTS",2007,177,3481,1,304
"rex sole","CA","NWFSC WCGBTS",2008,170,2602,9,306
"rex sole","CA","NWFSC WCGBTS",2009,170,1462,16,319
"rex sole","CA","NWFSC WCGBTS",2010,199,922,25,374
"rex sole","CA","NWFSC WCGBTS",2011,188,2492,36,334
"rex sole","CA","NWFSC WCGBTS",2012,199,2964,14,374
"rex sole","CA","NWFSC WCGBTS",2013,133,2183,9,250
"rex sole","CA","NWFSC WCGBTS",2014,201,3526,3,391
"rex sole","CA","NWFSC WCGBTS",2015,184,3429,1,354
"rex sole","CA","NWFSC WCGBTS",2016,178,3246,6,337
"rex sole","CA","NWFSC WCGBTS",2017,176,1969,59,276
"rex sole","CA","NWFSC WCGBTS",2018,194,2004,67,312
"rex sole","CA","NWFSC WCGBTS",2019,87,970,27,142
"rex sole","CA","NWFSC WCGBTS",2021,186,1641,0,359
"rex sole","CA","NWFSC WCGBTS",2022,169,1540,0,168
"rex sole","CA","NWFSC WCGBTS",2023,183,1646,0,173
"rex sole","CA","NWFSC WCGBTS",2024,156,1469,0,147
"rex sole","OR","NWFSC WCGBTS",2003,51,4236,0,0
"rex sole","OR","NWFSC WCGBTS",2004,121,6612,0,0
"rex sole","OR","NWFSC WCGBTS",2005,168,7485,0,0
"rex sole","OR","NWFSC WCGBTS",2006,165,5770,0,0
"rex sole","OR","NWFSC WCGBTS",2007,176,4710,5,347
"rex sole","OR","NWFSC WCGBTS",2008,159,3297,5,308
"rex sole","OR","NWFSC WCGBTS",2009,160,2019,5,312
"rex sole","OR","NWFSC WCGBTS",2010,157,988,4,308
"rex sole","OR","NWFSC WCGBTS",2011,160,3059,4,313
"rex sole","OR","NWFSC WCGBTS",2012,168,3228,5,326
"rex sole","OR","NWFSC WCGBTS",2013,122,2547,1,241
"rex sole","OR","NWFSC WCGBTS",2014,159,3537,4,310
"rex sole","OR","NWFSC WCGBTS",2015,156,3493,2,308
"rex sole","OR","NWFSC WCGBTS",2016,187,4183,2,374
"rex sole","OR","NWFSC WCGBTS",2017,184,2469,72,290
"rex sole","OR","NWFSC WCGBTS",2018,171,2090,65,273
"rex sole","OR","NWFSC WCGBTS",2019,84,967,34,133
"rex sole","OR","NWFSC WCGBTS",2021,172,1817,0,345
"rex sole","OR","NWFSC WCGBTS",2022,179,1996,0,187
"rex sole","OR","NWFSC WCGBTS",2023,152,1604,0,155
"rex sole","OR","NWFSC WCGBTS",2024,172,1837,0,170
"rex sole","WA","NWFSC WCGBTS",2003,37,2089,0,0
"rex sole","WA","NWFSC WCGBTS",2004,50,1963,0,0
"rex sole","WA","NWFSC WCGBTS",2005,63,2523,0,0
"rex sole","WA","NWFSC WCGBTS",2006,56,1686,0,0
"rex sole","WA","NWFSC WCGBTS",2007,70,1430,1,143
"rex sole","WA","NWFSC WCGBTS",2008,71,1350,6,131
"rex sole","WA","NWFSC WCGBTS",2009,65,643,2,126
"rex sole","WA","NWFSC WCGBTS",2010,85,743,8,164
"rex sole","WA","NWFSC WCGBTS",2011,76,1437,5,146
"rex sole","WA","NWFSC WCGBTS",2012,63,1206,8,119
"rex sole","WA","NWFSC WCGBTS",2013,49,990,0,97
"rex sole","WA","NWFSC WCGBTS",2014,71,1612,1,141
"rex sole","WA","NWFSC WCGBTS",2015,77,1581,2,149
"rex sole","WA","NWFSC WCGBTS",2016,61,1238,1,121
"rex sole","WA","NWFSC WCGBTS",2017,67,802,36,97
"rex sole","WA","NWFSC WCGBTS",2018,67,749,44,91
"rex sole","WA","NWFSC WCGBTS",2019,39,487,26,53
"rex sole","WA","NWFSC WCGBTS",2021,64,661,0,121
"rex sole","WA","NWFSC WCGBTS",2022,42,445,0,50
"rex sole","WA","NWFSC WCGBTS",2023,75,796,0,91
"rex sole","WA","NWFSC WCGBTS",2024,72,725,0,77
"rosethorn rockfish","CA","NWFSC HKL",2004,3,33,0,25
"rosethorn rockfish","CA","NWFSC HKL",2012,1,1,0,1
"rosethorn rockfish","CA","NWFSC HKL",2019,1,1,0,1
"rosethorn rockfish","CA","NWFSC HKL",2021,1,1,0,0
"rosethorn rockfish","CA","NWFSC WCGBTS",2003,12,228,0,53
"rosethorn rockfish","CA","NWFSC WCGBTS",2004,8,96,0,54
"rosethorn rockfish","CA","NWFSC WCGBTS",2005,14,178,0,58
"rosethorn rockfish","CA","NWFSC WCGBTS",2006,21,375,0,152
"rosethorn rockfish","CA","NWFSC WCGBTS",2007,11,238,0,96
"rosethorn rockfish","CA","NWFSC WCGBTS",2008,7,55,0,30
"rosethorn rockfish","CA","NWFSC WCGBTS",2009,22,407,0,157
"rosethorn rockfish","CA","NWFSC WCGBTS",2010,18,199,0,133
"rosethorn rockfish","CA","NWFSC WCGBTS",2011,10,45,0,45
"rosethorn rockfish","CA","NWFSC WCGBTS",2012,11,72,0,68
"rosethorn rockfish","CA","NWFSC WCGBTS",2013,7,144,0,63
"rosethorn rockfish","CA","NWFSC WCGBTS",2014,11,182,0,100
"rosethorn rockfish","CA","NWFSC WCGBTS",2015,5,54,0,25
"rosethorn rockfish","CA","NWFSC WCGBTS",2016,11,147,0,72
"rosethorn rockfish","CA","NWFSC WCGBTS",2017,5,61,0,47
"rosethorn rockfish","CA","NWFSC WCGBTS",2018,8,54,0,38
"rosethorn rockfish","CA","NWFSC WCGBTS",2019,3,42,0,24
"rosethorn rockfish","CA","NWFSC WCGBTS",2021,12,122,0,85
"rosethorn rockfish","CA","NWFSC WCGBTS",2022,11,89,0,58
"rosethorn rockfish","CA","NWFSC WCGBTS",2023,9,157,0,100
"rosethorn rockfish","CA","NWFSC WCGBTS",2024,9,115,0,70
"rosethorn rockfish","OR","NWFSC WCGBTS",2003,25,675,0,148
"rosethorn rockfish","OR","NWFSC WCGBTS",2004,24,686,0,225
"rosethorn rockfish","OR","NWFSC WCGBTS",2005,21,600,0,199
"rosethorn rockfish","OR","NWFSC WCGBTS",2006,31,963,0,276
"rosethorn rockfish","OR","NWFSC WCGBTS",2007,27,566,0,253
"rosethorn rockfish","OR","NWFSC WCGBTS",2008,25,406,0,175
"rosethorn rockfish","OR","NWFSC WCGBTS",2009,22,312,0,153
"rosethorn rockfish","OR","NWFSC WCGBTS",2010,19,476,0,185
"rosethorn rockfish","OR","NWFSC WCGBTS",2011,34,703,0,277
"rosethorn rockfish","OR","NWFSC WCGBTS",2012,22,433,0,175
"rosethorn rockfish","OR","NWFSC WCGBTS",2013,20,396,0,165
"rosethorn rockfish","OR","NWFSC WCGBTS",2014,27,528,0,267
"rosethorn rockfish","OR","NWFSC WCGBTS",2015,18,351,0,138
"rosethorn rockfish","OR","NWFSC WCGBTS",2016,38,735,0,320
"rosethorn rockfish","OR","NWFSC WCGBTS",2017,29,815,0,234
"rosethorn rockfish","OR","NWFSC WCGBTS",2018,28,487,0,287
"rosethorn rockfish","OR","NWFSC WCGBTS",2019,12,124,0,74
"rosethorn rockfish","OR","NWFSC WCGBTS",2021,28,383,0,233
"rosethorn rockfish","OR","NWFSC WCGBTS",2022,21,242,0,167
"rosethorn rockfish","OR","NWFSC WCGBTS",2023,17,156,0,110
"rosethorn rockfish","OR","NWFSC WCGBTS",2024,20,253,0,153
"rosethorn rockfish","WA","NWFSC WCGBTS",2003,25,699,0,181
"rosethorn rockfish","WA","NWFSC WCGBTS",2004,8,221,0,74
"rosethorn rockfish","WA","NWFSC WCGBTS",2005,8,150,0,65
"rosethorn rockfish","WA","NWFSC WCGBTS",2006,6,240,0,68
"rosethorn rockfish","WA","NWFSC WCGBTS",2007,15,516,0,158
"rosethorn rockfish","WA","NWFSC WCGBTS",2008,12,350,0,161
"rosethorn rockfish","WA","NWFSC WCGBTS",2009,13,425,0,171
"rosethorn rockfish","WA","NWFSC WCGBTS",2010,18,565,0,189
"rosethorn rockfish","WA","NWFSC WCGBTS",2011,17,530,0,205
"rosethorn rockfish","WA","NWFSC WCGBTS",2012,11,256,0,117
"rosethorn rockfish","WA","NWFSC WCGBTS",2013,12,269,0,117
"rosethorn rockfish","WA","NWFSC WCGBTS",2014,16,300,0,141
"rosethorn rockfish","WA","NWFSC WCGBTS",2015,16,320,0,170
"rosethorn rockfish","WA","NWFSC WCGBTS",2016,16,286,0,146
"rosethorn rockfish","WA","NWFSC WCGBTS",2017,13,354,0,142
"rosethorn rockfish","WA","NWFSC WCGBTS",2018,12,134,0,85
"rosethorn rockfish","WA","NWFSC WCGBTS",2019,3,61,0,33
"rosethorn rockfish","WA","NWFSC WCGBTS",2021,14,274,0,125
"rosethorn rockfish","WA","NWFSC WCGBTS",2022,9,201,0,104
"rosethorn rockfish","WA","NWFSC WCGBTS",2023,15,335,0,186
"rosethorn rockfish","WA","NWFSC WCGBTS",2024,20,336,0,189
"rougheye and blackspotted rockfish","CA","NWFSC HKL",2022,1,1,0,1
"rougheye and blackspotted rockfish","CA","NWFSC WCGBTS",2004,1,1,1,0
"rougheye and blackspotted rockfish","CA","NWFSC WCGBTS",2006,2,2,2,0
"rougheye and blackspotted rockfish","CA","NWFSC WCGBTS",2009,1,1,1,0
"rougheye and blackspotted rockfish","CA","NWFSC WCGBTS",2012,2,2,2,0
"rougheye and blackspotted rockfish","CA","NWFSC WCGBTS",2014,1,1,1,0
"rougheye and blackspotted rockfish","CA","NWFSC WCGBTS",2015,1,1,1,0
"rougheye and blackspotted rockfish","CA","NWFSC WCGBTS",2017,3,4,3,0
"rougheye and blackspotted rockfish","CA","NWFSC WCGBTS",2023,2,3,3,0
"rougheye and blackspotted rockfish","OR","NWFSC WCGBTS",2003,21,46,28,0
"rougheye and blackspotted rockfish","OR","NWFSC WCGBTS",2004,18,98,61,0
"rougheye and blackspotted rockfish","OR","NWFSC WCGBTS",2005,15,189,85,1
"rougheye and blackspotted rockfish","OR","NWFSC WCGBTS",2006,24,70,66,3
"rougheye and blackspotted rockfish","OR","NWFSC WCGBTS",2007,27,63,63,0
"rougheye and blackspotted rockfish","OR","NWFSC WCGBTS",2008,22,48,47,1
"rougheye and blackspotted rockfish","OR","NWFSC WCGBTS",2009,19,57,55,2
"rougheye and blackspotted rockfish","OR","NWFSC WCGBTS",2010,14,25,25,0
"rougheye and blackspotted rockfish","OR","NWFSC WCGBTS",2011,20,83,80,3
"rougheye and blackspotted rockfish","OR","NWFSC WCGBTS",2012,15,47,45,2
"rougheye and blackspotted rockfish","OR","NWFSC WCGBTS",2013,15,40,40,0
"rougheye and blackspotted rockfish","OR","NWFSC WCGBTS",2014,10,18,6,0
"rougheye and blackspotted rockfish","OR","NWFSC WCGBTS",2015,19,42,41,0
"rougheye and blackspotted rockfish","OR","NWFSC WCGBTS",2016,19,45,45,0
"rougheye and blackspotted rockfish","OR","NWFSC WCGBTS",2017,12,21,21,0
"rougheye and blackspotted rockfish","OR","NWFSC WCGBTS",2018,18,56,56,0
"rougheye and blackspotted rockfish","OR","NWFSC WCGBTS",2019,4,17,17,0
"rougheye and blackspotted rockfish","OR","NWFSC WCGBTS",2021,18,46,45,1
"rougheye and blackspotted rockfish","OR","NWFSC WCGBTS",2022,16,38,38,0
"rougheye and blackspotted rockfish","OR","NWFSC WCGBTS",2023,11,18,18,0
"rougheye and blackspotted rockfish","OR","NWFSC WCGBTS",2024,16,37,37,0
"rougheye and blackspotted rockfish","WA","NWFSC WCGBTS",2003,13,66,28,0
"rougheye and blackspotted rockfish","WA","NWFSC WCGBTS",2004,8,16,16,0
"rougheye and blackspotted rockfish","WA","NWFSC WCGBTS",2005,12,70,54,0
"rougheye and blackspotted rockfish","WA","NWFSC WCGBTS",2006,10,30,29,0
"rougheye and blackspotted rockfish","WA","NWFSC WCGBTS",2007,10,45,44,0
"rougheye and blackspotted rockfish","WA","NWFSC WCGBTS",2008,14,74,74,0
"rougheye and blackspotted rockfish","WA","NWFSC WCGBTS",2009,7,68,38,0
"rougheye and blackspotted rockfish","WA","NWFSC WCGBTS",2010,15,64,64,0
"rougheye and blackspotted rockfish","WA","NWFSC WCGBTS",2011,10,32,32,0
"rougheye and blackspotted rockfish","WA","NWFSC WCGBTS",2012,8,38,36,0
"rougheye and blackspotted rockfish","WA","NWFSC WCGBTS",2013,6,28,28,0
"rougheye and blackspotted rockfish","WA","NWFSC WCGBTS",2014,11,23,16,0
"rougheye and blackspotted rockfish","WA","NWFSC WCGBTS",2015,17,142,131,1
"rougheye and blackspotted rockfish","WA","NWFSC WCGBTS",2016,13,60,60,0
"rougheye and blackspotted rockfish","WA","NWFSC WCGBTS",2017,14,154,109,2
"rougheye and blackspotted rockfish","WA","NWFSC WCGBTS",2018,7,41,41,0
"rougheye and blackspotted rockfish","WA","NWFSC WCGBTS",2019,6,41,41,0
"rougheye and blackspotted rockfish","WA","NWFSC WCGBTS",2021,12,103,103,0
"rougheye and blackspotted rockfish","WA","NWFSC WCGBTS",2022,4,5,5,0
"rougheye and blackspotted rockfish","WA","NWFSC WCGBTS",2023,17,60,58,0
"rougheye and blackspotted rockfish","WA","NWFSC WCGBTS",2024,12,22,22,0
"sablefish","CA","NWFSC WCGBTS",2003,186,2099,544,450
"sablefish","CA","NWFSC WCGBTS",2004,155,1911,422,580
"sablefish","CA","NWFSC WCGBTS",2005,214,3168,858,596
"sablefish","CA","NWFSC WCGBTS",2006,202,2623,711,696
"sablefish","CA","NWFSC WCGBTS",2007,193,2308,589,404
"sablefish","CA","NWFSC WCGBTS",2008,216,2073,639,544
"sablefish","CA","NWFSC WCGBTS",2009,215,2024,673,369
"sablefish","CA","NWFSC WCGBTS",2010,238,2170,675,456
"sablefish","CA","NWFSC WCGBTS",2011,247,2785,635,293
"sablefish","CA","NWFSC WCGBTS",2012,226,2475,557,322
"sablefish","CA","NWFSC WCGBTS",2013,171,2122,553,135
"sablefish","CA","NWFSC WCGBTS",2014,242,2495,636,328
"sablefish","CA","NWFSC WCGBTS",2015,232,2703,635,307
"sablefish","CA","NWFSC WCGBTS",2016,223,2307,615,129
"sablefish","CA","NWFSC WCGBTS",2017,213,2370,563,159
"sablefish","CA","NWFSC WCGBTS",2018,212,2450,729,7
"sablefish","CA","NWFSC WCGBTS",2019,102,994,395,1
"sablefish","CA","NWFSC WCGBTS",2021,271,3050,1103,6
"sablefish","CA","NWFSC WCGBTS",2022,223,2832,778,7
"sablefish","CA","NWFSC WCGBTS",2023,232,3017,792,4
"sablefish","CA","NWFSC WCGBTS",2024,222,2818,539,238
"sablefish","OR","NWFSC WCGBTS",2003,134,2260,488,373
"sablefish","OR","NWFSC WCGBTS",2004,126,1841,461,339
"sablefish","OR","NWFSC WCGBTS",2005,161,1727,525,516
"sablefish","OR","NWFSC WCGBTS",2006,151,1747,517,485
"sablefish","OR","NWFSC WCGBTS",2007,157,1576,479,327
"sablefish","OR","NWFSC WCGBTS",2008,149,1456,407,350
"sablefish","OR","NWFSC WCGBTS",2009,148,1394,392,230
"sablefish","OR","NWFSC WCGBTS",2010,142,1282,403,278
"sablefish","OR","NWFSC WCGBTS",2011,138,1363,383,213
"sablefish","OR","NWFSC WCGBTS",2012,134,1460,369,199
"sablefish","OR","NWFSC WCGBTS",2013,96,930,327,61
"sablefish","OR","NWFSC WCGBTS",2014,153,1412,407,197
"sablefish","OR","NWFSC WCGBTS",2015,144,1982,470,176
"sablefish","OR","NWFSC WCGBTS",2016,167,1846,477,101
"sablefish","OR","NWFSC WCGBTS",2017,180,2044,500,145
"sablefish","OR","NWFSC WCGBTS",2018,153,1557,503,4
"sablefish","OR","NWFSC WCGBTS",2019,82,904,334,2
"sablefish","OR","NWFSC WCGBTS",2021,179,2388,782,9
"sablefish","OR","NWFSC WCGBTS",2022,191,2660,695,2
"sablefish","OR","NWFSC WCGBTS",2023,157,2238,574,6
"sablefish","OR","NWFSC WCGBTS",2024,175,2832,459,215
"sablefish","WA","NWFSC WCGBTS",2003,100,1440,357,169
"sablefish","WA","NWFSC WCGBTS",2004,47,804,203,131
"sablefish","WA","NWFSC WCGBTS",2005,71,677,194,186
"sablefish","WA","NWFSC WCGBTS",2006,45,463,135,125
"sablefish","WA","NWFSC WCGBTS",2007,72,586,191,126
"sablefish","WA","NWFSC WCGBTS",2008,55,444,144,101
"sablefish","WA","NWFSC WCGBTS",2009,56,270,116,70
"sablefish","WA","NWFSC WCGBTS",2010,77,778,192,141
"sablefish","WA","NWFSC WCGBTS",2011,70,526,175,94
"sablefish","WA","NWFSC WCGBTS",2012,68,446,165,85
"sablefish","WA","NWFSC WCGBTS",2013,40,228,112,16
"sablefish","WA","NWFSC WCGBTS",2014,65,404,153,74
"sablefish","WA","NWFSC WCGBTS",2015,44,225,92,45
"sablefish","WA","NWFSC WCGBTS",2016,48,391,121,26
"sablefish","WA","NWFSC WCGBTS",2017,65,463,151,49
"sablefish","WA","NWFSC WCGBTS",2018,69,767,246,0
"sablefish","WA","NWFSC WCGBTS",2019,42,328,145,7
"sablefish","WA","NWFSC WCGBTS",2021,70,859,284,0
"sablefish","WA","NWFSC WCGBTS",2022,50,689,183,0
"sablefish","WA","NWFSC WCGBTS",2023,99,1408,371,5
"sablefish","WA","NWFSC WCGBTS",2024,80,1144,201,87
"sharpchin rockfish","CA","NWFSC HKL",2010,1,1,0,1
"sharpchin rockfish","CA","NWFSC HKL",2013,1,1,0,1
"sharpchin rockfish","CA","NWFSC HKL",2014,1,1,0,1
"sharpchin rockfish","CA","NWFSC HKL",2018,2,2,0,2
"sharpchin rockfish","CA","NWFSC HKL",2019,1,4,0,4
"sharpchin rockfish","CA","NWFSC HKL",2021,1,2,0,2
"sharpchin rockfish","CA","NWFSC HKL",2022,1,2,0,2
"sharpchin rockfish","CA","NWFSC WCGBTS",2003,12,633,0,113
"sharpchin rockfish","CA","NWFSC WCGBTS",2004,4,92,0,13
"sharpchin rockfish","CA","NWFSC WCGBTS",2005,6,115,0,18
"sharpchin rockfish","CA","NWFSC WCGBTS",2006,9,181,0,41
"sharpchin rockfish","CA","NWFSC WCGBTS",2007,10,87,0,50
"sharpchin rockfish","CA","NWFSC WCGBTS",2008,5,51,0,36
"sharpchin rockfish","CA","NWFSC WCGBTS",2009,12,239,0,146
"sharpchin rockfish","CA","NWFSC WCGBTS",2010,8,101,0,76
"sharpchin rockfish","CA","NWFSC WCGBTS",2011,10,170,0,115
"sharpchin rockfish","CA","NWFSC WCGBTS",2012,11,199,0,114
"sharpchin rockfish","CA","NWFSC WCGBTS",2013,14,171,0,127
"sharpchin rockfish","CA","NWFSC WCGBTS",2014,14,57,0,57
"sharpchin rockfish","CA","NWFSC WCGBTS",2015,10,195,0,107
"sharpchin rockfish","CA","NWFSC WCGBTS",2016,13,289,0,140
"sharpchin rockfish","CA","NWFSC WCGBTS",2017,12,95,0,70
"sharpchin rockfish","CA","NWFSC WCGBTS",2018,11,63,0,63
"sharpchin rockfish","CA","NWFSC WCGBTS",2019,11,121,0,71
"sharpchin rockfish","CA","NWFSC WCGBTS",2021,18,190,0,155
"sharpchin rockfish","CA","NWFSC WCGBTS",2022,13,177,0,114
"sharpchin rockfish","CA","NWFSC WCGBTS",2023,18,185,0,113
"sharpchin rockfish","CA","NWFSC WCGBTS",2024,13,293,0,135
"sharpchin rockfish","OR","NWFSC WCGBTS",2003,18,809,0,191
"sharpchin rockfish","OR","NWFSC WCGBTS",2004,20,843,0,119
"sharpchin rockfish","OR","NWFSC WCGBTS",2005,17,514,0,87
"sharpchin rockfish","OR","NWFSC WCGBTS",2006,25,773,0,128
"sharpchin rockfish","OR","NWFSC WCGBTS",2007,15,438,0,85
"sharpchin rockfish","OR","NWFSC WCGBTS",2008,11,285,0,130
"sharpchin rockfish","OR","NWFSC WCGBTS",2009,17,333,0,259
"sharpchin rockfish","OR","NWFSC WCGBTS",2010,20,231,0,94
"sharpchin rockfish","OR","NWFSC WCGBTS",2011,25,855,0,470
"sharpchin rockfish","OR","NWFSC WCGBTS",2012,20,484,0,218
"sharpchin rockfish","OR","NWFSC WCGBTS",2013,15,406,0,147
"sharpchin rockfish","OR","NWFSC WCGBTS",2014,23,947,0,340
"sharpchin rockfish","OR","NWFSC WCGBTS",2015,21,358,0,207
"sharpchin rockfish","OR","NWFSC WCGBTS",2016,27,388,0,231
"sharpchin rockfish","OR","NWFSC WCGBTS",2017,29,573,0,311
"sharpchin rockfish","OR","NWFSC WCGBTS",2018,24,395,0,221
"sharpchin rockfish","OR","NWFSC WCGBTS",2019,13,199,0,143
"sharpchin rockfish","OR","NWFSC WCGBTS",2021,32,551,0,314
"sharpchin rockfish","OR","NWFSC WCGBTS",2022,16,87,0,62
"sharpchin rockfish","OR","NWFSC WCGBTS",2023,17,149,0,98
"sharpchin rockfish","OR","NWFSC WCGBTS",2024,21,564,0,298
"sharpchin rockfish","WA","NWFSC WCGBTS",2003,21,913,0,249
"sharpchin rockfish","WA","NWFSC WCGBTS",2004,9,241,0,67
"sharpchin rockfish","WA","NWFSC WCGBTS",2005,12,242,0,48
"sharpchin rockfish","WA","NWFSC WCGBTS",2006,9,329,0,70
"sharpchin rockfish","WA","NWFSC WCGBTS",2007,10,450,0,69
"sharpchin rockfish","WA","NWFSC WCGBTS",2008,10,587,0,199
"sharpchin rockfish","WA","NWFSC WCGBTS",2009,10,366,0,188
"sharpchin rockfish","WA","NWFSC WCGBTS",2010,15,242,0,211
"sharpchin rockfish","WA","NWFSC WCGBTS",2011,13,282,0,196
"sharpchin rockfish","WA","NWFSC WCGBTS",2012,10,314,0,146
"sharpchin rockfish","WA","NWFSC WCGBTS",2013,9,297,0,101
"sharpchin rockfish","WA","NWFSC WCGBTS",2014,17,417,0,209
"sharpchin rockfish","WA","NWFSC WCGBTS",2015,22,540,0,306
"sharpchin rockfish","WA","NWFSC WCGBTS",2016,16,177,0,130
"sharpchin rockfish","WA","NWFSC WCGBTS",2017,11,178,0,154
"sharpchin rockfish","WA","NWFSC WCGBTS",2018,12,265,0,153
"sharpchin rockfish","WA","NWFSC WCGBTS",2019,9,123,0,75
"sharpchin rockfish","WA","NWFSC WCGBTS",2021,7,167,0,103
"sharpchin rockfish","WA","NWFSC WCGBTS",2022,8,223,0,129
"sharpchin rockfish","WA","NWFSC WCGBTS",2023,6,178,0,84
"sharpchin rockfish","WA","NWFSC WCGBTS",2024,16,338,0,185
"shortraker rockfish","CA","NWFSC WCGBTS",2003,1,1,0,0
"shortraker rockfish","OR","NWFSC WCGBTS",2004,1,1,0,1
"shortraker rockfish","OR","NWFSC WCGBTS",2005,2,8,0,8
"shortraker rockfish","OR","NWFSC WCGBTS",2014,1,2,0,2
"shortraker rockfish","OR","NWFSC WCGBTS",2015,1,18,0,17
"shortraker rockfish","OR","NWFSC WCGBTS",2017,1,3,0,3
"shortraker rockfish","OR","NWFSC WCGBTS",2018,1,2,0,2
"shortraker rockfish","WA","NWFSC WCGBTS",2003,1,2,0,0
"shortraker rockfish","WA","NWFSC WCGBTS",2004,2,7,0,7
"shortraker rockfish","WA","NWFSC WCGBTS",2013,1,1,0,1
"shortraker rockfish","WA","NWFSC WCGBTS",2014,1,1,0,1
"shortraker rockfish","WA","NWFSC WCGBTS",2022,1,3,0,3
"shortraker rockfish","WA","NWFSC WCGBTS",2023,2,3,0,3
"shortraker rockfish","WA","NWFSC WCGBTS",2024,2,9,0,9
"shortspine thornyhead","CA","NWFSC WCGBTS",2003,133,2506,0,573
"shortspine thornyhead","CA","NWFSC WCGBTS",2004,114,2393,0,854
"shortspine thornyhead","CA","NWFSC WCGBTS",2005,175,3412,0,772
"shortspine thornyhead","CA","NWFSC WCGBTS",2006,193,2881,0,725
"shortspine thornyhead","CA","NWFSC WCGBTS",2007,199,2406,0,699
"shortspine thornyhead","CA","NWFSC WCGBTS",2008,203,2440,0,733
"shortspine thornyhead","CA","NWFSC WCGBTS",2009,185,2006,0,673
"shortspine thornyhead","CA","NWFSC WCGBTS",2010,212,2051,0,756
"shortspine thornyhead","CA","NWFSC WCGBTS",2011,184,2269,0,645
"shortspine thornyhead","CA","NWFSC WCGBTS",2012,181,2094,0,635
"shortspine thornyhead","CA","NWFSC WCGBTS",2013,129,1395,0,460
"shortspine thornyhead","CA","NWFSC WCGBTS",2014,188,2264,0,669
"shortspine thornyhead","CA","NWFSC WCGBTS",2015,198,2373,0,716
"shortspine thornyhead","CA","NWFSC WCGBTS",2016,200,2114,0,542
"shortspine thornyhead","CA","NWFSC WCGBTS",2017,207,2464,0,567
"shortspine thornyhead","CA","NWFSC WCGBTS",2018,216,2680,0,424
"shortspine thornyhead","CA","NWFSC WCGBTS",2019,90,1152,0,176
"shortspine thornyhead","CA","NWFSC WCGBTS",2021,197,2286,0,391
"shortspine thornyhead","CA","NWFSC WCGBTS",2022,185,2260,0,356
"shortspine thornyhead","CA","NWFSC WCGBTS",2023,191,2430,0,372
"shortspine thornyhead","CA","NWFSC WCGBTS",2024,181,2253,0,354
"shortspine thornyhead","OR","NWFSC WCGBTS",2003,101,3499,0,428
"shortspine thornyhead","OR","NWFSC WCGBTS",2004,77,3579,0,635
"shortspine thornyhead","OR","NWFSC WCGBTS",2005,98,3728,0,431
"shortspine thornyhead","OR","NWFSC WCGBTS",2006,106,2884,0,403
"shortspine thornyhead","OR","NWFSC WCGBTS",2007,121,2304,0,425
"shortspine thornyhead","OR","NWFSC WCGBTS",2008,109,1649,0,393
"shortspine thornyhead","OR","NWFSC WCGBTS",2009,119,1809,0,424
"shortspine thornyhead","OR","NWFSC WCGBTS",2010,102,1261,0,362
"shortspine thornyhead","OR","NWFSC WCGBTS",2011,121,1903,0,440
"shortspine thornyhead","OR","NWFSC WCGBTS",2012,110,1881,0,408
"shortspine thornyhead","OR","NWFSC WCGBTS",2013,83,1282,0,312
"shortspine thornyhead","OR","NWFSC WCGBTS",2014,110,1629,0,402
"shortspine thornyhead","OR","NWFSC WCGBTS",2015,108,1720,0,405
"shortspine thornyhead","OR","NWFSC WCGBTS",2016,124,2031,0,362
"shortspine thornyhead","OR","NWFSC WCGBTS",2017,118,1821,0,333
"shortspine thornyhead","OR","NWFSC WCGBTS",2018,115,1877,0,237
"shortspine thornyhead","OR","NWFSC WCGBTS",2019,57,875,0,108
"shortspine thornyhead","OR","NWFSC WCGBTS",2021,109,1826,0,214
"shortspine thornyhead","OR","NWFSC WCGBTS",2022,106,1652,0,208
"shortspine thornyhead","OR","NWFSC WCGBTS",2023,88,1481,0,177
"shortspine thornyhead","OR","NWFSC WCGBTS",2024,111,1882,0,214
"shortspine thornyhead","WA","NWFSC WCGBTS",2003,59,1688,0,254
"shortspine thornyhead","WA","NWFSC WCGBTS",2004,23,707,0,176
"shortspine thornyhead","WA","NWFSC WCGBTS",2005,43,908,0,172
"shortspine thornyhead","WA","NWFSC WCGBTS",2006,34,435,0,118
"shortspine thornyhead","WA","NWFSC WCGBTS",2007,47,789,0,170
"shortspine thornyhead","WA","NWFSC WCGBTS",2008,50,608,0,175
"shortspine thornyhead","WA","NWFSC WCGBTS",2009,37,381,0,133
"shortspine thornyhead","WA","NWFSC WCGBTS",2010,46,547,0,154
"shortspine thornyhead","WA","NWFSC WCGBTS",2011,42,525,0,151
"shortspine thornyhead","WA","NWFSC WCGBTS",2012,58,703,0,200
"shortspine thornyhead","WA","NWFSC WCGBTS",2013,35,412,0,119
"shortspine thornyhead","WA","NWFSC WCGBTS",2014,47,689,0,181
"shortspine thornyhead","WA","NWFSC WCGBTS",2015,26,403,0,99
"shortspine thornyhead","WA","NWFSC WCGBTS",2016,31,459,0,96
"shortspine thornyhead","WA","NWFSC WCGBTS",2017,37,444,0,106
"shortspine thornyhead","WA","NWFSC WCGBTS",2018,36,429,0,70
"shortspine thornyhead","WA","NWFSC WCGBTS",2019,27,371,0,53
"shortspine thornyhead","WA","NWFSC WCGBTS",2021,39,578,0,77
"shortspine thornyhead","WA","NWFSC WCGBTS",2022,21,290,0,45
"shortspine thornyhead","WA","NWFSC WCGBTS",2023,50,697,0,99
"shortspine thornyhead","WA","NWFSC WCGBTS",2024,41,522,0,76
"silvergray rockfish","CA","NWFSC HKL",2005,1,1,0,1
"silvergray rockfish","CA","NWFSC HKL",2017,1,1,0,1
"silvergray rockfish","CA","NWFSC HKL",2018,1,1,0,1
"silvergray rockfish","CA","NWFSC HKL",2019,1,1,0,0
"silvergray rockfish","CA","NWFSC WCGBTS",2005,1,13,0,13
"silvergray rockfish","CA","NWFSC WCGBTS",2008,1,1,0,1
"silvergray rockfish","CA","NWFSC WCGBTS",2021,1,1,0,1
"silvergray rockfish","OR","NWFSC WCGBTS",2003,4,11,0,11
"silvergray rockfish","OR","NWFSC WCGBTS",2004,2,17,0,17
"silvergray rockfish","OR","NWFSC WCGBTS",2005,3,32,0,27
"silvergray rockfish","OR","NWFSC WCGBTS",2006,3,7,0,7
"silvergray rockfish","OR","NWFSC WCGBTS",2007,3,4,0,4
"silvergray rockfish","OR","NWFSC WCGBTS",2008,1,12,0,12
"silvergray rockfish","OR","NWFSC WCGBTS",2009,1,1,0,1
"silvergray rockfish","OR","NWFSC WCGBTS",2010,5,42,0,42
"silvergray rockfish","OR","NWFSC WCGBTS",2011,9,82,0,57
"silvergray rockfish","OR","NWFSC WCGBTS",2012,3,22,0,22
"silvergray rockfish","OR","NWFSC WCGBTS",2013,4,10,0,9
"silvergray rockfish","OR","NWFSC WCGBTS",2014,1,5,0,5
"silvergray rockfish","OR","NWFSC WCGBTS",2015,2,78,0,21
"silvergray rockfish","OR","NWFSC WCGBTS",2016,2,3,0,3
"silvergray rockfish","OR","NWFSC WCGBTS",2017,6,66,0,66
"silvergray rockfish","OR","NWFSC WCGBTS",2018,3,4,0,4
"silvergray rockfish","OR","NWFSC WCGBTS",2019,4,31,0,31
"silvergray rockfish","OR","NWFSC WCGBTS",2021,1,1,0,1
"silvergray rockfish","OR","NWFSC WCGBTS",2024,5,53,0,53
"silvergray rockfish","WA","NWFSC WCGBTS",2003,5,23,0,23
"silvergray rockfish","WA","NWFSC WCGBTS",2004,1,2,0,2
"silvergray rockfish","WA","NWFSC WCGBTS",2005,2,6,0,6
"silvergray rockfish","WA","NWFSC WCGBTS",2007,5,18,0,18
"silvergray rockfish","WA","NWFSC WCGBTS",2008,4,7,0,7
"silvergray rockfish","WA","NWFSC WCGBTS",2009,4,35,0,35
"silvergray rockfish","WA","NWFSC WCGBTS",2010,3,5,0,5
"silvergray rockfish","WA","NWFSC WCGBTS",2011,5,34,0,24
"silvergray rockfish","WA","NWFSC WCGBTS",2012,5,24,0,24
"silvergray rockfish","WA","NWFSC WCGBTS",2013,2,34,0,17
"silvergray rockfish","WA","NWFSC WCGBTS",2014,4,11,0,11
"silvergray rockfish","WA","NWFSC WCGBTS",2015,2,2,0,2
"silvergray rockfish","WA","NWFSC WCGBTS",2016,1,2,0,2
"silvergray rockfish","WA","NWFSC WCGBTS",2017,2,9,0,9
"silvergray rockfish","WA","NWFSC WCGBTS",2018,5,26,0,26
"silvergray rockfish","WA","NWFSC WCGBTS",2019,3,74,0,74
"silvergray rockfish","WA","NWFSC WCGBTS",2021,3,3,0,3
"silvergray rockfish","WA","NWFSC WCGBTS",2022,4,48,0,48
"silvergray rockfish","WA","NWFSC WCGBTS",2023,5,24,0,24
"silvergray rockfish","WA","NWFSC WCGBTS",2024,4,38,0,38
"splitnose rockfish","CA","NWFSC WCGBTS",2003,71,4109,267,313
"splitnose rockfish","CA","NWFSC WCGBTS",2004,53,3409,241,2
"splitnose rockfish","CA","NWFSC WCGBTS",2005,77,2816,302,34
"splitnose rockfish","CA","NWFSC WCGBTS",2006,78,2094,274,56
"splitnose rockfish","CA","NWFSC WCGBTS",2007,73,1720,217,215
"splitnose rockfish","CA","NWFSC WCGBTS",2008,80,1594,272,171
"splitnose rockfish","CA","NWFSC WCGBTS",2009,81,1712,0,510
"splitnose rockfish","CA","NWFSC WCGBTS",2010,83,1342,0,442
"splitnose rockfish","CA","NWFSC WCGBTS",2011,79,1462,0,443
"splitnose rockfish","CA","NWFSC WCGBTS",2012,74,999,0,409
"splitnose rockfish","CA","NWFSC WCGBTS",2013,50,690,0,285
"splitnose rockfish","CA","NWFSC WCGBTS",2014,86,1304,0,440
"splitnose rockfish","CA","NWFSC WCGBTS",2015,75,1079,0,397
"splitnose rockfish","CA","NWFSC WCGBTS",2016,77,1112,0,417
"splitnose rockfish","CA","NWFSC WCGBTS",2017,85,1308,0,354
"splitnose rockfish","CA","NWFSC WCGBTS",2018,72,1252,0,304
"splitnose rockfish","CA","NWFSC WCGBTS",2019,46,751,0,192
"splitnose rockfish","CA","NWFSC WCGBTS",2021,80,1314,0,340
"splitnose rockfish","CA","NWFSC WCGBTS",2022,85,1287,0,286
"splitnose rockfish","CA","NWFSC WCGBTS",2023,78,1179,0,265
"splitnose rockfish","CA","NWFSC WCGBTS",2024,68,1148,0,248
"splitnose rockfish","OR","NWFSC WCGBTS",2003,47,1987,193,190
"splitnose rockfish","OR","NWFSC WCGBTS",2004,39,1605,154,4
"splitnose rockfish","OR","NWFSC WCGBTS",2005,34,1327,148,9
"splitnose rockfish","OR","NWFSC WCGBTS",2006,53,1235,173,56
"splitnose rockfish","OR","NWFSC WCGBTS",2007,64,1307,210,132
"splitnose rockfish","OR","NWFSC WCGBTS",2008,53,1030,166,138
"splitnose rockfish","OR","NWFSC WCGBTS",2009,57,1054,0,315
"splitnose rockfish","OR","NWFSC WCGBTS",2010,37,557,0,212
"splitnose rockfish","OR","NWFSC WCGBTS",2011,41,606,0,232
"splitnose rockfish","OR","NWFSC WCGBTS",2012,52,790,0,288
"splitnose rockfish","OR","NWFSC WCGBTS",2013,42,589,0,219
"splitnose rockfish","OR","NWFSC WCGBTS",2014,43,559,0,216
"splitnose rockfish","OR","NWFSC WCGBTS",2015,46,668,0,243
"splitnose rockfish","OR","NWFSC WCGBTS",2016,48,767,0,294
"splitnose rockfish","OR","NWFSC WCGBTS",2017,40,555,0,153
"splitnose rockfish","OR","NWFSC WCGBTS",2018,37,490,0,147
"splitnose rockfish","OR","NWFSC WCGBTS",2019,23,260,0,82
"splitnose rockfish","OR","NWFSC WCGBTS",2021,43,621,0,192
"splitnose rockfish","OR","NWFSC WCGBTS",2022,49,736,0,179
"splitnose rockfish","OR","NWFSC WCGBTS",2023,34,397,0,122
"splitnose rockfish","OR","NWFSC WCGBTS",2024,46,718,0,161
"splitnose rockfish","WA","NWFSC WCGBTS",2003,16,537,53,52
"splitnose rockfish","WA","NWFSC WCGBTS",2004,6,121,23,3
"splitnose rockfish","WA","NWFSC WCGBTS",2005,15,324,48,2
"splitnose rockfish","WA","NWFSC WCGBTS",2006,16,263,52,8
"splitnose rockfish","WA","NWFSC WCGBTS",2007,21,336,68,42
"splitnose rockfish","WA","NWFSC WCGBTS",2008,20,294,50,33
"splitnose rockfish","WA","NWFSC WCGBTS",2009,16,202,0,71
"splitnose rockfish","WA","NWFSC WCGBTS",2010,9,122,0,56
"splitnose rockfish","WA","NWFSC WCGBTS",2011,12,83,0,50
"splitnose rockfish","WA","NWFSC WCGBTS",2012,10,126,0,48
"splitnose rockfish","WA","NWFSC WCGBTS",2013,10,128,0,51
"splitnose rockfish","WA","NWFSC WCGBTS",2014,11,96,0,45
"splitnose rockfish","WA","NWFSC WCGBTS",2015,10,111,0,50
"splitnose rockfish","WA","NWFSC WCGBTS",2016,4,44,0,18
"splitnose rockfish","WA","NWFSC WCGBTS",2017,4,28,0,13
"splitnose rockfish","WA","NWFSC WCGBTS",2018,5,49,0,19
"splitnose rockfish","WA","NWFSC WCGBTS",2019,4,34,0,12
"splitnose rockfish","WA","NWFSC WCGBTS",2021,7,64,0,23
"splitnose rockfish","WA","NWFSC WCGBTS",2022,5,54,0,20
"splitnose rockfish","WA","NWFSC WCGBTS",2023,7,52,0,20
"splitnose rockfish","WA","NWFSC WCGBTS",2024,5,77,0,18
"squarespot rockfish","CA","NWFSC HKL",2004,4,6,1,5
"squarespot rockfish","CA","NWFSC HKL",2005,17,28,4,21
"squarespot rockfish","CA","NWFSC HKL",2006,13,35,7,27
"squarespot rockfish","CA","NWFSC HKL",2007,8,10,7,3
"squarespot rockfish","CA","NWFSC HKL",2008,21,64,7,52
"squarespot rockfish","CA","NWFSC HKL",2009,12,20,4,15
"squarespot rockfish","CA","NWFSC HKL",2010,8,28,3,23
"squarespot rockfish","CA","NWFSC HKL",2011,13,24,2,19
"squarespot rockfish","CA","NWFSC HKL",2012,4,4,0,4
"squarespot rockfish","CA","NWFSC HKL",2013,7,8,2,6
"squarespot rockfish","CA","NWFSC HKL",2014,27,86,20,60
"squarespot rockfish","CA","NWFSC HKL",2015,36,145,16,128
"squarespot rockfish","CA","NWFSC HKL",2016,45,221,25,191
"squarespot rockfish","CA","NWFSC HKL",2017,56,265,45,213
"squarespot rockfish","CA","NWFSC HKL",2018,67,343,174,144
"squarespot rockfish","CA","NWFSC HKL",2019,60,191,27,154
"squarespot rockfish","CA","NWFSC HKL",2021,63,319,0,295
"squarespot rockfish","CA","NWFSC HKL",2022,42,129,0,125
"squarespot rockfish","CA","NWFSC HKL",2023,52,140,0,138
"squarespot rockfish","CA","NWFSC HKL",2024,41,243,0,239
"squarespot rockfish","CA","NWFSC WCGBTS",2003,2,30,0,0
"squarespot rockfish","CA","NWFSC WCGBTS",2004,5,159,0,25
"squarespot rockfish","CA","NWFSC WCGBTS",2005,13,245,41,26
"squarespot rockfish","CA","NWFSC WCGBTS",2006,6,152,10,39
"squarespot rockfish","CA","NWFSC WCGBTS",2007,13,424,33,60
"squarespot rockfish","CA","NWFSC WCGBTS",2008,10,239,36,44
"squarespot rockfish","CA","NWFSC WCGBTS",2009,14,388,30,63
"squarespot rockfish","CA","NWFSC WCGBTS",2010,13,185,17,46
"squarespot rockfish","CA","NWFSC WCGBTS",2011,5,75,10,23
"squarespot rockfish","CA","NWFSC WCGBTS",2012,6,32,5,27
"squarespot rockfish","CA","NWFSC WCGBTS",2013,9,514,20,64
"squarespot rockfish","CA","NWFSC WCGBTS",2014,9,232,6,40
"squarespot rockfish","CA","NWFSC WCGBTS",2015,9,247,34,52
"squarespot rockfish","CA","NWFSC WCGBTS",2016,18,329,59,79
"squarespot rockfish","CA","NWFSC WCGBTS",2017,11,322,62,66
"squarespot rockfish","CA","NWFSC WCGBTS",2018,11,240,17,91
"squarespot rockfish","CA","NWFSC WCGBTS",2019,6,206,22,43
"squarespot rockfish","CA","NWFSC WCGBTS",2021,10,184,0,111
"squarespot rockfish","CA","NWFSC WCGBTS",2022,12,340,0,139
"squarespot rockfish","CA","NWFSC WCGBTS",2023,9,217,0,102
"squarespot rockfish","CA","NWFSC WCGBTS",2024,8,169,0,70
"squarespot rockfish","OR","NWFSC WCGBTS",2009,1,2,0,0
"squarespot rockfish","OR","NWFSC WCGBTS",2011,1,2,1,1
"starry rockfish","CA","NWFSC HKL",2004,13,24,0,24
"starry rockfish","CA","NWFSC HKL",2005,15,32,0,32
"starry rockfish","CA","NWFSC HKL",2006,27,61,0,62
"starry rockfish","CA","NWFSC HKL",2007,29,63,0,61
"starry rockfish","CA","NWFSC HKL",2008,50,117,0,115
"starry rockfish","CA","NWFSC HKL",2009,39,85,0,80
"starry rockfish","CA","NWFSC HKL",2010,37,93,0,89
"starry rockfish","CA","NWFSC HKL",2011,23,39,0,35
"starry rockfish","CA","NWFSC HKL",2012,30,69,0,63
"starry rockfish","CA","NWFSC HKL",2013,29,55,0,54
"starry rockfish","CA","NWFSC HKL",2014,47,124,0,122
"starry rockfish","CA","NWFSC HKL",2015,59,189,0,188
"starry rockfish","CA","NWFSC HKL",2016,51,120,0,112
"starry rockfish","CA","NWFSC HKL",2017,60,153,0,144
"starry rockfish","CA","NWFSC HKL",2018,80,253,0,237
"starry rockfish","CA","NWFSC HKL",2019,85,328,0,308
"starry rockfish","CA","NWFSC HKL",2021,106,420,0,410
"starry rockfish","CA","NWFSC HKL",2022,106,490,0,476
"starry rockfish","CA","NWFSC HKL",2023,106,494,0,480
"starry rockfish","CA","NWFSC HKL",2024,97,483,0,474
"starry rockfish","CA","NWFSC WCGBTS",2003,1,1,0,0
"starry rockfish","CA","NWFSC WCGBTS",2004,3,3,0,3
"starry rockfish","CA","NWFSC WCGBTS",2005,2,3,0,3
"starry rockfish","CA","NWFSC WCGBTS",2006,1,1,0,1
"starry rockfish","CA","NWFSC WCGBTS",2007,3,6,0,6
"starry rockfish","CA","NWFSC WCGBTS",2008,2,2,0,2
"starry rockfish","CA","NWFSC WCGBTS",2009,6,18,0,18
"starry rockfish","CA","NWFSC WCGBTS",2010,2,2,0,2
"starry rockfish","CA","NWFSC WCGBTS",2011,1,1,0,1
"starry rockfish","CA","NWFSC WCGBTS",2012,2,3,0,3
"starry rockfish","CA","NWFSC WCGBTS",2013,1,2,0,0
"starry rockfish","CA","NWFSC WCGBTS",2016,2,2,0,2
"starry rockfish","CA","NWFSC WCGBTS",2017,5,9,0,6
"starry rockfish","CA","NWFSC WCGBTS",2018,4,10,0,10
"starry rockfish","CA","NWFSC WCGBTS",2019,4,16,0,16
"starry rockfish","CA","NWFSC WCGBTS",2022,3,5,0,5
"starry rockfish","CA","NWFSC WCGBTS",2023,1,2,0,2
"starry rockfish","CA","NWFSC WCGBTS",2024,4,12,0,11
"stripetail rockfish","CA","NWFSC HKL",2005,1,1,0,1
"stripetail rockfish","CA","NWFSC HKL",2011,1,1,0,1
"stripetail rockfish","CA","NWFSC HKL",2024,1,1,0,1
"stripetail rockfish","CA","NWFSC WCGBTS",2003,87,5367,0,0
"stripetail rockfish","CA","NWFSC WCGBTS",2004,94,4060,0,415
"stripetail rockfish","CA","NWFSC WCGBTS",2005,109,3915,0,464
"stripetail rockfish","CA","NWFSC WCGBTS",2006,88,2591,0,374
"stripetail rockfish","CA","NWFSC WCGBTS",2007,93,1750,0,371
"stripetail rockfish","CA","NWFSC WCGBTS",2008,97,1590,0,373
"stripetail rockfish","CA","NWFSC WCGBTS",2009,116,1667,0,592
"stripetail rockfish","CA","NWFSC WCGBTS",2010,134,1755,0,747
"stripetail rockfish","CA","NWFSC WCGBTS",2011,121,2145,0,658
"stripetail rockfish","CA","NWFSC WCGBTS",2012,113,1654,0,466
"stripetail rockfish","CA","NWFSC WCGBTS",2013,73,982,0,294
"stripetail rockfish","CA","NWFSC WCGBTS",2014,103,1706,0,443
"stripetail rockfish","CA","NWFSC WCGBTS",2015,114,1508,0,460
"stripetail rockfish","CA","NWFSC WCGBTS",2016,104,1615,0,446
"stripetail rockfish","CA","NWFSC WCGBTS",2017,111,1585,0,450
"stripetail rockfish","CA","NWFSC WCGBTS",2018,110,1519,0,437
"stripetail rockfish","CA","NWFSC WCGBTS",2019,56,1052,0,247
"stripetail rockfish","CA","NWFSC WCGBTS",2021,121,1869,0,533
"stripetail rockfish","CA","NWFSC WCGBTS",2022,95,1316,0,273
"stripetail rockfish","CA","NWFSC WCGBTS",2023,105,1380,0,290
"stripetail rockfish","CA","NWFSC WCGBTS",2024,104,1430,0,286
"stripetail rockfish","OR","NWFSC WCGBTS",2003,19,525,0,0
"stripetail rockfish","OR","NWFSC WCGBTS",2004,17,592,0,68
"stripetail rockfish","OR","NWFSC WCGBTS",2005,22,386,0,66
"stripetail rockfish","OR","NWFSC WCGBTS",2006,35,547,0,108
"stripetail rockfish","OR","NWFSC WCGBTS",2007,33,379,0,129
"stripetail rockfish","OR","NWFSC WCGBTS",2008,13,179,0,46
"stripetail rockfish","OR","NWFSC WCGBTS",2009,24,303,0,110
"stripetail rockfish","OR","NWFSC WCGBTS",2010,26,282,0,118
"stripetail rockfish","OR","NWFSC WCGBTS",2011,22,348,0,125
"stripetail rockfish","OR","NWFSC WCGBTS",2012,27,345,0,105
"stripetail rockfish","OR","NWFSC WCGBTS",2013,17,189,0,71
"stripetail rockfish","OR","NWFSC WCGBTS",2014,34,413,0,132
"stripetail rockfish","OR","NWFSC WCGBTS",2015,38,517,0,153
"stripetail rockfish","OR","NWFSC WCGBTS",2016,37,421,0,134
"stripetail rockfish","OR","NWFSC WCGBTS",2017,50,724,0,203
"stripetail rockfish","OR","NWFSC WCGBTS",2018,39,613,0,170
"stripetail rockfish","OR","NWFSC WCGBTS",2019,24,290,0,95
"stripetail rockfish","OR","NWFSC WCGBTS",2021,35,551,0,155
"stripetail rockfish","OR","NWFSC WCGBTS",2022,36,405,0,97
"stripetail rockfish","OR","NWFSC WCGBTS",2023,26,384,0,73
"stripetail rockfish","OR","NWFSC WCGBTS",2024,40,493,0,104
"stripetail rockfish","WA","NWFSC WCGBTS",2003,7,23,0,0
"stripetail rockfish","WA","NWFSC WCGBTS",2004,2,5,0,5
"stripetail rockfish","WA","NWFSC WCGBTS",2005,6,18,0,15
"stripetail rockfish","WA","NWFSC WCGBTS",2006,11,115,0,38
"stripetail rockfish","WA","NWFSC WCGBTS",2007,12,105,0,45
"stripetail rockfish","WA","NWFSC WCGBTS",2008,10,40,0,15
"stripetail rockfish","WA","NWFSC WCGBTS",2009,8,87,0,29
"stripetail rockfish","WA","NWFSC WCGBTS",2010,6,68,0,29
"stripetail rockfish","WA","NWFSC WCGBTS",2011,13,123,0,51
"stripetail rockfish","WA","NWFSC WCGBTS",2012,7,119,0,26
"stripetail rockfish","WA","NWFSC WCGBTS",2013,3,29,0,10
"stripetail rockfish","WA","NWFSC WCGBTS",2014,9,73,0,26
"stripetail rockfish","WA","NWFSC WCGBTS",2015,10,71,0,23
"stripetail rockfish","WA","NWFSC WCGBTS",2016,6,29,0,9
"stripetail rockfish","WA","NWFSC WCGBTS",2017,16,113,0,41
"stripetail rockfish","WA","NWFSC WCGBTS",2018,15,94,0,54
"stripetail rockfish","WA","NWFSC WCGBTS",2019,2,22,0,7
"stripetail rockfish","WA","NWFSC WCGBTS",2021,8,94,0,30
"stripetail rockfish","WA","NWFSC WCGBTS",2022,4,78,0,12
"stripetail rockfish","WA","NWFSC WCGBTS",2023,8,52,0,18
"stripetail rockfish","WA","NWFSC WCGBTS",2024,10,134,0,25
"vermilion and sunset rockfish","CA","NWFSC HKL",2004,53,1358,1205,38
"vermilion and sunset rockfish","CA","NWFSC HKL",2005,72,1680,1104,526
"vermilion and sunset rockfish","CA","NWFSC HKL",2006,65,1157,1109,48
"vermilion and sunset rockfish","CA","NWFSC HKL",2007,71,1814,1116,694
"vermilion and sunset rockfish","CA","NWFSC HKL",2008,78,1714,1182,530
"vermilion and sunset rockfish","CA","NWFSC HKL",2009,74,2131,1224,905
"vermilion and sunset rockfish","CA","NWFSC HKL",2010,79,2302,1262,1032
"vermilion and sunset rockfish","CA","NWFSC HKL",2011,73,2655,1167,1468
"vermilion and sunset rockfish","CA","NWFSC HKL",2012,91,2366,1194,1168
"vermilion and sunset rockfish","CA","NWFSC HKL",2013,93,2458,1702,752
"vermilion and sunset rockfish","CA","NWFSC HKL",2014,114,1708,539,1159
"vermilion and sunset rockfish","CA","NWFSC HKL",2015,146,1911,561,1343
"vermilion and sunset rockfish","CA","NWFSC HKL",2016,142,1904,539,1324
"vermilion and sunset rockfish","CA","NWFSC HKL",2017,157,2649,515,512
"vermilion and sunset rockfish","CA","NWFSC HKL",2018,158,2648,535,538
"vermilion and sunset rockfish","CA","NWFSC HKL",2019,148,2264,506,444
"vermilion and sunset rockfish","CA","NWFSC HKL",2021,150,2314,0,933
"vermilion and sunset rockfish","CA","NWFSC HKL",2022,160,2363,0,946
"vermilion and sunset rockfish","CA","NWFSC HKL",2023,159,2333,0,901
"vermilion and sunset rockfish","CA","NWFSC HKL",2024,157,2346,0,928
"vermilion and sunset rockfish","CA","NWFSC WCGBTS",2003,6,62,0,0
"vermilion and sunset rockfish","CA","NWFSC WCGBTS",2004,3,9,8,0
"vermilion and sunset rockfish","CA","NWFSC WCGBTS",2005,6,49,28,0
"vermilion and sunset rockfish","CA","NWFSC WCGBTS",2006,5,27,27,0
"vermilion and sunset rockfish","CA","NWFSC WCGBTS",2007,8,120,56,0
"vermilion and sunset rockfish","CA","NWFSC WCGBTS",2008,12,74,65,0
"vermilion and sunset rockfish","CA","NWFSC WCGBTS",2009,12,213,119,0
"vermilion and sunset rockfish","CA","NWFSC WCGBTS",2010,16,107,106,1
"vermilion and sunset rockfish","CA","NWFSC WCGBTS",2011,3,27,27,0
"vermilion and sunset rockfish","CA","NWFSC WCGBTS",2012,15,471,310,0
"vermilion and sunset rockfish","CA","NWFSC WCGBTS",2013,10,395,225,0
"vermilion and sunset rockfish","CA","NWFSC WCGBTS",2014,13,36,36,0
"vermilion and sunset rockfish","CA","NWFSC WCGBTS",2015,12,226,147,0
"vermilion and sunset rockfish","CA","NWFSC WCGBTS",2016,20,100,100,0
"vermilion and sunset rockfish","CA","NWFSC WCGBTS",2017,16,243,206,1
"vermilion and sunset rockfish","CA","NWFSC WCGBTS",2018,13,217,160,0
"vermilion and sunset rockfish","CA","NWFSC WCGBTS",2019,7,172,133,0
"vermilion and sunset rockfish","CA","NWFSC WCGBTS",2021,20,283,0,204
"vermilion and sunset rockfish","CA","NWFSC WCGBTS",2022,19,234,0,190
"vermilion and sunset rockfish","CA","NWFSC WCGBTS",2023,19,289,0,243
"vermilion and sunset rockfish","CA","NWFSC WCGBTS",2024,16,78,0,78
"vermilion and sunset rockfish","OR","NWFSC WCGBTS",2011,1,1,1,0
"vermilion and sunset rockfish","OR","NWFSC WCGBTS",2014,1,1,1,0
"widow rockfish","CA","NWFSC HKL",2004,13,56,0,55
"widow rockfish","CA","NWFSC HKL",2005,14,75,0,74
"widow rockfish","CA","NWFSC HKL",2006,15,68,0,68
"widow rockfish","CA","NWFSC HKL",2007,12,43,0,43
"widow rockfish","CA","NWFSC HKL",2008,33,174,0,173
"widow rockfish","CA","NWFSC HKL",2009,14,39,0,39
"widow rockfish","CA","NWFSC HKL",2010,9,15,0,15
"widow rockfish","CA","NWFSC HKL",2011,8,13,0,13
"widow rockfish","CA","NWFSC HKL",2012,3,3,0,3
"widow rockfish","CA","NWFSC HKL",2013,13,16,0,16
"widow rockfish","CA","NWFSC HKL",2014,26,69,0,70
"widow rockfish","CA","NWFSC HKL",2015,12,19,0,19
"widow rockfish","CA","NWFSC HKL",2016,18,39,0,37
"widow rockfish","CA","NWFSC HKL",2017,25,56,0,50
"widow rockfish","CA","NWFSC HKL",2018,25,69,0,66
"widow rockfish","CA","NWFSC HKL",2019,11,23,0,23
"widow rockfish","CA","NWFSC HKL",2021,16,48,0,47
"widow rockfish","CA","NWFSC HKL",2022,15,26,0,26
"widow rockfish","CA","NWFSC HKL",2023,14,44,0,36
"widow rockfish","CA","NWFSC HKL",2024,4,4,0,4
"widow rockfish","CA","NWFSC WCGBTS",2003,9,75,0,3
"widow rockfish","CA","NWFSC WCGBTS",2004,7,76,35,0
"widow rockfish","CA","NWFSC WCGBTS",2005,9,29,29,0
"widow rockfish","CA","NWFSC WCGBTS",2006,13,73,59,0
"widow rockfish","CA","NWFSC WCGBTS",2007,12,37,37,0
"widow rockfish","CA","NWFSC WCGBTS",2008,7,14,8,6
"widow rockfish","CA","NWFSC WCGBTS",2009,13,56,56,0
"widow rockfish","CA","NWFSC WCGBTS",2010,10,50,39,0
"widow rockfish","CA","NWFSC WCGBTS",2011,8,75,24,0
"widow rockfish","CA","NWFSC WCGBTS",2012,9,19,19,0
"widow rockfish","CA","NWFSC WCGBTS",2013,13,290,186,0
"widow rockfish","CA","NWFSC WCGBTS",2014,10,89,84,0
"widow rockfish","CA","NWFSC WCGBTS",2015,7,26,26,0
"widow rockfish","CA","NWFSC WCGBTS",2016,19,335,194,0
"widow rockfish","CA","NWFSC WCGBTS",2017,9,158,96,0
"widow rockfish","CA","NWFSC WCGBTS",2018,9,98,98,0
"widow rockfish","CA","NWFSC WCGBTS",2019,10,64,64,0
"widow rockfish","CA","NWFSC WCGBTS",2021,4,5,5,0
"widow rockfish","CA","NWFSC WCGBTS",2022,4,70,54,0
"widow rockfish","CA","NWFSC WCGBTS",2023,14,40,40,0
"widow rockfish","CA","NWFSC WCGBTS",2024,14,306,210,0
"widow rockfish","OR","NWFSC WCGBTS",2003,5,34,0,4
"widow rockfish","OR","NWFSC WCGBTS",2004,2,2,2,0
"widow rockfish","OR","NWFSC WCGBTS",2005,9,47,35,1
"widow rockfish","OR","NWFSC WCGBTS",2006,11,13,13,0
"widow rockfish","OR","NWFSC WCGBTS",2007,13,53,44,0
"widow rockfish","OR","NWFSC WCGBTS",2008,9,11,11,0
"widow rockfish","OR","NWFSC WCGBTS",2009,13,48,48,0
"widow rockfish","OR","NWFSC WCGBTS",2010,13,163,57,2
"widow rockfish","OR","NWFSC WCGBTS",2011,19,216,106,0
"widow rockfish","OR","NWFSC WCGBTS",2012,22,94,57,2
"widow rockfish","OR","NWFSC WCGBTS",2013,3,68,54,0
"widow rockfish","OR","NWFSC WCGBTS",2014,11,134,91,0
"widow rockfish","OR","NWFSC WCGBTS",2015,13,122,66,0
"widow rockfish","OR","NWFSC WCGBTS",2016,16,359,220,0
"widow rockfish","OR","NWFSC WCGBTS",2017,19,146,111,1
"widow rockfish","OR","NWFSC WCGBTS",2018,20,193,193,0
"widow rockfish","OR","NWFSC WCGBTS",2019,8,137,79,0
"widow rockfish","OR","NWFSC WCGBTS",2021,10,41,41,0
"widow rockfish","OR","NWFSC WCGBTS",2022,12,27,27,0
"widow rockfish","OR","NWFSC WCGBTS",2023,11,114,65,0
"widow rockfish","OR","NWFSC WCGBTS",2024,14,139,97,0
"widow rockfish","WA","NWFSC WCGBTS",2003,4,107,0,3
"widow rockfish","WA","NWFSC WCGBTS",2004,3,6,6,0
"widow rockfish","WA","NWFSC WCGBTS",2005,2,2,1,1
"widow rockfish","WA","NWFSC WCGBTS",2006,2,86,17,0
"widow rockfish","WA","NWFSC WCGBTS",2007,2,2,2,0
"widow rockfish","WA","NWFSC WCGBTS",2008,1,1,1,0
"widow rockfish","WA","NWFSC WCGBTS",2009,5,37,19,0
"widow rockfish","WA","NWFSC WCGBTS",2010,5,27,20,0
"widow rockfish","WA","NWFSC WCGBTS",2011,4,22,22,0
"widow rockfish","WA","NWFSC WCGBTS",2012,1,68,15,0
"widow rockfish","WA","NWFSC WCGBTS",2013,2,6,6,0
"widow rockfish","WA","NWFSC WCGBTS",2014,7,126,89,0
"widow rockfish","WA","NWFSC WCGBTS",2015,1,1,1,0
"widow rockfish","WA","NWFSC WCGBTS",2016,5,194,142,0
"widow rockfish","WA","NWFSC WCGBTS",2017,2,6,6,0
"widow rockfish","WA","NWFSC WCGBTS",2018,5,119,62,0
"widow rockfish","WA","NWFSC WCGBTS",2019,5,18,18,0
"widow rockfish","WA","NWFSC WCGBTS",2021,3,20,20,0
"widow rockfish","WA","NWFSC WCGBTS",2022,2,28,28,0
"widow rockfish","WA","NWFSC WCGBTS",2023,4,5,5,0
"widow rockfish","WA","NWFSC WCGBTS",2024,7,40,40,0
"yelloweye rockfish","CA","NWFSC HKL",2004,1,1,0,1
"yelloweye rockfish","CA","NWFSC HKL",2006,1,1,0,1
"yelloweye rockfish","CA","NWFSC HKL",2007,3,3,0,3
"yelloweye rockfish","CA","NWFSC HKL",2009,2,5,0,5
"yelloweye rockfish","CA","NWFSC HKL",2010,2,2,0,2
"yelloweye rockfish","CA","NWFSC HKL",2012,1,1,0,1
"yelloweye rockfish","CA","NWFSC HKL",2015,7,13,0,13
"yelloweye rockfish","CA","NWFSC HKL",2016,7,15,0,10
"yelloweye rockfish","CA","NWFSC HKL",2017,7,15,0,15
"yelloweye rockfish","CA","NWFSC HKL",2018,8,13,0,13
"yelloweye rockfish","CA","NWFSC HKL",2019,11,17,0,16
"yelloweye rockfish","CA","NWFSC HKL",2021,13,24,0,23
"yelloweye rockfish","CA","NWFSC HKL",2022,8,22,0,22
"yelloweye rockfish","CA","NWFSC HKL",2023,10,14,0,14
"yelloweye rockfish","CA","NWFSC HKL",2024,10,13,0,12
"yelloweye rockfish","CA","NWFSC WCGBTS",2003,2,8,8,0
"yelloweye rockfish","CA","NWFSC WCGBTS",2004,1,4,4,0
"yelloweye rockfish","CA","NWFSC WCGBTS",2005,2,21,21,0
"yelloweye rockfish","CA","NWFSC WCGBTS",2006,2,4,4,0
"yelloweye rockfish","CA","NWFSC WCGBTS",2007,3,7,7,0
"yelloweye rockfish","CA","NWFSC WCGBTS",2008,2,8,8,0
"yelloweye rockfish","CA","NWFSC WCGBTS",2009,5,11,11,0
"yelloweye rockfish","CA","NWFSC WCGBTS",2010,1,1,1,0
"yelloweye rockfish","CA","NWFSC WCGBTS",2011,3,4,4,0
"yelloweye rockfish","CA","NWFSC WCGBTS",2012,2,6,6,0
"yelloweye rockfish","CA","NWFSC WCGBTS",2013,3,5,4,1
"yelloweye rockfish","CA","NWFSC WCGBTS",2015,2,3,3,0
"yelloweye rockfish","CA","NWFSC WCGBTS",2016,5,20,20,0
"yelloweye rockfish","CA","NWFSC WCGBTS",2017,3,4,4,0
"yelloweye rockfish","CA","NWFSC WCGBTS",2018,5,7,7,0
"yelloweye rockfish","CA","NWFSC WCGBTS",2021,4,16,16,0
"yelloweye rockfish","CA","NWFSC WCGBTS",2022,3,6,6,0
"yelloweye rockfish","CA","NWFSC WCGBTS",2023,4,23,23,0
"yelloweye rockfish","CA","NWFSC WCGBTS",2024,3,10,10,0
"yelloweye rockfish","OR","NWFSC WCGBTS",2003,8,27,26,1
"yelloweye rockfish","OR","NWFSC WCGBTS",2004,5,11,11,0
"yelloweye rockfish","OR","NWFSC WCGBTS",2005,6,13,13,0
"yelloweye rockfish","OR","NWFSC WCGBTS",2006,7,32,32,0
"yelloweye rockfish","OR","NWFSC WCGBTS",2007,5,14,8,6
"yelloweye rockfish","OR","NWFSC WCGBTS",2008,8,14,14,0
"yelloweye rockfish","OR","NWFSC WCGBTS",2009,1,7,7,0
"yelloweye rockfish","OR","NWFSC WCGBTS",2010,8,22,22,0
"yelloweye rockfish","OR","NWFSC WCGBTS",2011,6,33,33,0
"yelloweye rockfish","OR","NWFSC WCGBTS",2012,5,6,6,0
"yelloweye rockfish","OR","NWFSC WCGBTS",2013,4,13,12,0
"yelloweye rockfish","OR","NWFSC WCGBTS",2014,9,41,41,0
"yelloweye rockfish","OR","NWFSC WCGBTS",2015,6,39,39,0
"yelloweye rockfish","OR","NWFSC WCGBTS",2016,14,54,54,0
"yelloweye rockfish","OR","NWFSC WCGBTS",2017,10,24,24,0
"yelloweye rockfish","OR","NWFSC WCGBTS",2018,11,20,20,0
"yelloweye rockfish","OR","NWFSC WCGBTS",2019,4,16,16,0
"yelloweye rockfish","OR","NWFSC WCGBTS",2021,9,31,31,0
"yelloweye rockfish","OR","NWFSC WCGBTS",2022,11,21,21,0
"yelloweye rockfish","OR","NWFSC WCGBTS",2023,3,3,3,0
"yelloweye rockfish","OR","NWFSC WCGBTS",2024,8,24,24,0
"yelloweye rockfish","WA","NWFSC WCGBTS",2003,9,33,33,0
"yelloweye rockfish","WA","NWFSC WCGBTS",2004,2,6,6,0
"yelloweye rockfish","WA","NWFSC WCGBTS",2005,5,6,6,0
"yelloweye rockfish","WA","NWFSC WCGBTS",2006,4,7,7,0
"yelloweye rockfish","WA","NWFSC WCGBTS",2007,4,5,4,1
"yelloweye rockfish","WA","NWFSC WCGBTS",2008,5,21,21,0
"yelloweye rockfish","WA","NWFSC WCGBTS",2009,5,21,21,0
"yelloweye rockfish","WA","NWFSC WCGBTS",2010,6,29,29,0
"yelloweye rockfish","WA","NWFSC WCGBTS",2011,4,10,10,0
"yelloweye rockfish","WA","NWFSC WCGBTS",2012,7,32,32,0
"yelloweye rockfish","WA","NWFSC WCGBTS",2013,6,19,18,1
"yelloweye rockfish","WA","NWFSC WCGBTS",2014,10,51,51,0
"yelloweye rockfish","WA","NWFSC WCGBTS",2015,5,9,9,0
"yelloweye rockfish","WA","NWFSC WCGBTS",2016,6,17,17,0
"yelloweye rockfish","WA","NWFSC WCGBTS",2017,6,17,17,0
"yelloweye rockfish","WA","NWFSC WCGBTS",2018,8,23,22,1
"yelloweye rockfish","WA","NWFSC WCGBTS",2019,5,18,18,0
"yelloweye rockfish","WA","NWFSC WCGBTS",2021,7,19,19,0
"yelloweye rockfish","WA","NWFSC WCGBTS",2022,4,24,24,0
"yelloweye rockfish","WA","NWFSC WCGBTS",2023,7,27,27,0
"yelloweye rockfish","WA","NWFSC WCGBTS",2024,11,22,19,3
"yellowmouth rockfish","CA","NWFSC WCGBTS",2013,1,1,0,1
"yellowmouth rockfish","OR","NWFSC WCGBTS",2003,3,134,0,27
"yellowmouth rockfish","OR","NWFSC WCGBTS",2005,2,23,0,23
"yellowmouth rockfish","OR","NWFSC WCGBTS",2010,1,1,0,1
"yellowmouth rockfish","OR","NWFSC WCGBTS",2011,3,24,0,24
"yellowmouth rockfish","OR","NWFSC WCGBTS",2012,3,3,0,3
"yellowmouth rockfish","OR","NWFSC WCGBTS",2013,2,7,0,7
"yellowmouth rockfish","OR","NWFSC WCGBTS",2014,1,1,0,1
"yellowmouth rockfish","OR","NWFSC WCGBTS",2015,2,13,0,13
"yellowmouth rockfish","OR","NWFSC WCGBTS",2016,5,83,0,55
"yellowmouth rockfish","OR","NWFSC WCGBTS",2017,5,29,0,29
"yellowmouth rockfish","OR","NWFSC WCGBTS",2018,3,148,0,53
"yellowmouth rockfish","OR","NWFSC WCGBTS",2023,1,64,0,25
"yellowmouth rockfish","OR","NWFSC WCGBTS",2024,3,42,0,42
"yellowmouth rockfish","WA","NWFSC WCGBTS",2003,2,7,0,7
"yellowmouth rockfish","WA","NWFSC WCGBTS",2011,2,30,0,30
"yellowmouth rockfish","WA","NWFSC WCGBTS",2013,1,2,0,2
"yellowmouth rockfish","WA","NWFSC WCGBTS",2016,1,2,0,2
"yellowmouth rockfish","WA","NWFSC WCGBTS",2018,1,1,0,1
"yellowmouth rockfish","WA","NWFSC WCGBTS",2022,3,10,0,10
"yellowtail rockfish north","CA","NWFSC WCGBTS",2003,1,50,15,0
"yellowtail rockfish north","CA","NWFSC WCGBTS",2005,1,105,15,0
"yellowtail rockfish north","CA","NWFSC WCGBTS",2006,2,7,7,0
"yellowtail rockfish north","CA","NWFSC WCGBTS",2007,5,165,36,0
"yellowtail rockfish north","CA","NWFSC WCGBTS",2009,2,5,5,0
"yellowtail rockfish north","CA","NWFSC WCGBTS",2011,1,4,4,0
"yellowtail rockfish north","CA","NWFSC WCGBTS",2012,2,2,2,0
"yellowtail rockfish north","CA","NWFSC WCGBTS",2013,2,103,29,0
"yellowtail rockfish north","CA","NWFSC WCGBTS",2014,3,30,30,0
"yellowtail rockfish north","CA","NWFSC WCGBTS",2015,3,7,7,0
"yellowtail rockfish north","CA","NWFSC WCGBTS",2016,1,100,24,26
"yellowtail rockfish north","CA","NWFSC WCGBTS",2017,1,97,25,0
"yellowtail rockfish north","CA","NWFSC WCGBTS",2018,1,1,1,0
"yellowtail rockfish north","CA","NWFSC WCGBTS",2019,1,1,0,1
"yellowtail rockfish north","CA","NWFSC WCGBTS",2021,2,51,51,0
"yellowtail rockfish north","CA","NWFSC WCGBTS",2022,1,1,1,0
"yellowtail rockfish north","CA","NWFSC WCGBTS",2023,3,4,4,0
"yellowtail rockfish north","CA","NWFSC WCGBTS",2024,5,59,36,0
"yellowtail rockfish north","OR","NWFSC WCGBTS",2003,9,66,52,0
"yellowtail rockfish north","OR","NWFSC WCGBTS",2004,3,6,6,0
"yellowtail rockfish north","OR","NWFSC WCGBTS",2005,11,87,59,0
"yellowtail rockfish north","OR","NWFSC WCGBTS",2006,9,31,31,0
"yellowtail rockfish north","OR","NWFSC WCGBTS",2007,13,104,30,2
"yellowtail rockfish north","OR","NWFSC WCGBTS",2008,7,201,83,0
"yellowtail rockfish north","OR","NWFSC WCGBTS",2009,10,22,22,0
"yellowtail rockfish north","OR","NWFSC WCGBTS",2010,9,138,73,65
"yellowtail rockfish north","OR","NWFSC WCGBTS",2011,14,235,145,0
"yellowtail rockfish north","OR","NWFSC WCGBTS",2012,11,271,105,0
"yellowtail rockfish north","OR","NWFSC WCGBTS",2013,6,117,38,0
"yellowtail rockfish north","OR","NWFSC WCGBTS",2014,17,404,163,1
"yellowtail rockfish north","OR","NWFSC WCGBTS",2015,22,158,103,1
"yellowtail rockfish north","OR","NWFSC WCGBTS",2016,40,841,197,315
"yellowtail rockfish north","OR","NWFSC WCGBTS",2017,32,414,218,0
"yellowtail rockfish north","OR","NWFSC WCGBTS",2018,25,175,148,1
"yellowtail rockfish north","OR","NWFSC WCGBTS",2019,15,228,135,18
"yellowtail rockfish north","OR","NWFSC WCGBTS",2021,14,66,66,0
"yellowtail rockfish north","OR","NWFSC WCGBTS",2022,20,147,107,0
"yellowtail rockfish north","OR","NWFSC WCGBTS",2023,24,123,103,1
"yellowtail rockfish north","OR","NWFSC WCGBTS",2024,13,78,63,0
"yellowtail rockfish north","WA","NWFSC WCGBTS",2003,22,621,191,0
"yellowtail rockfish north","WA","NWFSC WCGBTS",2004,18,518,135,0
"yellowtail rockfish north","WA","NWFSC WCGBTS",2005,29,683,241,2
"yellowtail rockfish north","WA","NWFSC WCGBTS",2006,19,328,111,0
"yellowtail rockfish north","WA","NWFSC WCGBTS",2007,27,689,211,0
"yellowtail rockfish north","WA","NWFSC WCGBTS",2008,24,426,217,0
"yellowtail rockfish north","WA","NWFSC WCGBTS",2009,23,280,234,0
"yellowtail rockfish north","WA","NWFSC WCGBTS",2010,34,951,389,349
"yellowtail rockfish north","WA","NWFSC WCGBTS",2011,31,547,318,0
"yellowtail rockfish north","WA","NWFSC WCGBTS",2012,27,614,227,0
"yellowtail rockfish north","WA","NWFSC WCGBTS",2013,12,159,82,0
"yellowtail rockfish north","WA","NWFSC WCGBTS",2014,30,924,381,0
"yellowtail rockfish north","WA","NWFSC WCGBTS",2015,32,653,429,0
"yellowtail rockfish north","WA","NWFSC WCGBTS",2016,37,1315,347,494
"yellowtail rockfish north","WA","NWFSC WCGBTS",2017,35,1239,489,1
"yellowtail rockfish north","WA","NWFSC WCGBTS",2018,33,680,439,4
"yellowtail rockfish north","WA","NWFSC WCGBTS",2019,15,309,139,22
"yellowtail rockfish north","WA","NWFSC WCGBTS",2021,16,278,192,0
"yellowtail rockfish north","WA","NWFSC WCGBTS",2022,14,269,153,0
"yellowtail rockfish north","WA","NWFSC WCGBTS",2023,35,587,382,5
"yellowtail rockfish north","WA","NWFSC WCGBTS",2024,27,554,326,0
"yellowtail rockfish south","CA","NWFSC HKL",2004,14,126,124,0
"yellowtail rockfish south","CA","NWFSC HKL",2005,14,122,0,122
"yellowtail rockfish south","CA","NWFSC HKL",2006,6,88,0,88
"yellowtail rockfish south","CA","NWFSC HKL",2007,18,119,0,119
"yellowtail rockfish south","CA","NWFSC HKL",2008,15,139,0,139
"yellowtail rockfish south","CA","NWFSC HKL",2009,16,80,0,80
"yellowtail rockfish south","CA","NWFSC HKL",2010,12,60,0,0
"yellowtail rockfish south","CA","NWFSC HKL",2011,13,126,0,1
"yellowtail rockfish south","CA","NWFSC HKL",2012,11,106,0,106
"yellowtail rockfish south","CA","NWFSC HKL",2013,13,96,0,95
"yellowtail rockfish south","CA","NWFSC HKL",2014,17,110,0,110
"yellowtail rockfish south","CA","NWFSC HKL",2015,13,78,0,78
"yellowtail rockfish south","CA","NWFSC HKL",2016,14,89,0,87
"yellowtail rockfish south","CA","NWFSC HKL",2017,12,46,0,40
"yellowtail rockfish south","CA","NWFSC HKL",2018,12,77,0,66
"yellowtail rockfish south","CA","NWFSC HKL",2019,13,69,0,61
"yellowtail rockfish south","CA","NWFSC HKL",2021,11,92,0,90
"yellowtail rockfish south","CA","NWFSC HKL",2022,18,92,0,91
"yellowtail rockfish south","CA","NWFSC HKL",2023,12,130,0,130
"yellowtail rockfish south","CA","NWFSC HKL",2024,12,62,0,61
"yellowtail rockfish south","CA","NWFSC WCGBTS",2003,3,112,17,0
"yellowtail rockfish south","CA","NWFSC WCGBTS",2004,5,102,46,1
"yellowtail rockfish south","CA","NWFSC WCGBTS",2005,4,172,33,0
"yellowtail rockfish south","CA","NWFSC WCGBTS",2006,4,9,9,0
"yellowtail rockfish south","CA","NWFSC WCGBTS",2008,6,63,55,0
"yellowtail rockfish south","CA","NWFSC WCGBTS",2009,5,150,72,0
"yellowtail rockfish south","CA","NWFSC WCGBTS",2010,3,42,24,18
"yellowtail rockfish south","CA","NWFSC WCGBTS",2011,2,2,2,0
"yellowtail rockfish south","CA","NWFSC WCGBTS",2012,5,18,18,0
"yellowtail rockfish south","CA","NWFSC WCGBTS",2013,9,22,22,0
"yellowtail rockfish south","CA","NWFSC WCGBTS",2014,5,170,77,0
"yellowtail rockfish south","CA","NWFSC WCGBTS",2015,2,2,2,0
"yellowtail rockfish south","CA","NWFSC WCGBTS",2016,2,5,3,2
"yellowtail rockfish south","CA","NWFSC WCGBTS",2017,4,12,12,0
"yellowtail rockfish south","CA","NWFSC WCGBTS",2018,2,60,35,0
"yellowtail rockfish south","CA","NWFSC WCGBTS",2019,1,30,30,0
"yellowtail rockfish south","CA","NWFSC WCGBTS",2021,3,98,74,0
"yellowtail rockfish south","CA","NWFSC WCGBTS",2022,1,1,1,0
"yellowtail rockfish south","CA","NWFSC WCGBTS",2023,2,2,2,0
